id,att_safety
0,5.0
1,5.0
2,5.0
3,5.0
4,4.0
5,4.0
6,4.0
7,5.0
8,4.0
9,4.0
10,4.0
11,4.0
12,4.0
13,4.0
14,4.0
15,4.0
16,4.0
17,4.0
18,4.0
19,4.0
20,4.0
21,4.0
22,4.0
23,4.0
24,5.0
25,5.0
26,5.0
27,5.0
28,5.0
29,5.0
30,5.0
31,5.0
32,4.0
33,4.0
34,4.0
35,4.0
36,5.0
37,5.0
38,5.0
39,4.0
40,5.0
41,5.0
42,5.0
43,5.0
44,5.0
45,4.0
46,5.0
47,4.0
48,5.0
49,4.0
50,5.0
51,5.0
52,4.0
53,4.0
54,4.0
55,4.0
56,5.0
57,5.0
58,4.0
59,5.0
60,5.0
61,5.0
62,5.0
63,5.0
64,5.0
65,5.0
66,5.0
67,5.0
68,5.0
69,4.0
70,5.0
71,5.0
72,4.0
73,4.0
74,4.0
75,4.0
76,4.0
77,4.0
78,5.0
79,4.0
80,5.0
81,5.0
82,5.0
83,5.0
84,4.0
85,4.0
86,5.0
87,4.0
88,4.0
89,5.0
90,4.0
91,4.0
92,4.0
93,5.0
94,4.0
95,4.0
96,5.0
97,5.0
98,4.0
99,4.0
100,5.0
101,5.0
102,4.0
103,5.0
104,5.0
105,5.0
106,5.0
107,5.0
108,4.0
109,4.0
110,4.0
111,4.0
112,4.0
113,4.0
114,4.0
115,4.0
116,5.0
117,5.0
118,5.0
119,5.0
120,4.0
121,4.0
122,4.0
123,4.0
124,5.0
125,5.0
126,5.0
127,5.0
128,4.0
129,4.0
130,4.0
131,4.0
132,4.0
133,5.0
134,5.0
135,5.0
136,4.0
137,4.0
138,5.0
139,4.0
140,5.0
141,5.0
142,5.0
143,4.0
144,5.0
145,4.0
146,5.0
147,5.0
148,5.0
149,5.0
150,5.0
151,5.0
152,5.0
153,5.0
154,5.0
155,5.0
156,4.0
157,4.0
158,4.0
159,4.0
160,5.0
161,4.0
162,5.0
163,5.0
164,4.0
165,5.0
166,4.0
167,4.0
168,4.0
169,5.0
170,5.0
171,4.0
172,5.0
173,5.0
174,5.0
175,4.0
176,4.0
177,4.0
178,4.0
179,4.0
180,5.0
181,5.0
182,5.0
183,5.0
184,4.0
185,4.0
186,4.0
187,4.0
188,4.0
189,5.0
190,5.0
191,5.0
192,4.0
193,4.0
194,5.0
195,4.0
196,4.0
197,5.0
198,4.0
199,4.0
200,5.0
201,5.0
202,5.0
203,5.0
204,4.0
205,4.0
206,4.0
207,4.0
208,4.0
209,4.0
210,4.0
211,4.0
212,4.0
213,4.0
214,4.0
215,4.0
216,4.0
217,5.0
218,5.0
219,5.0
220,5.0
221,4.0
222,5.0
223,5.0
224,5.0
225,5.0
226,4.0
227,5.0
228,5.0
229,4.0
230,5.0
231,5.0
232,5.0
233,5.0
234,4.0
235,5.0
236,4.0
237,4.0
238,4.0
239,4.0
240,4.0
241,4.0
242,4.0
243,4.0
244,5.0
245,5.0
246,5.0
247,5.0
248,4.0
249,4.0
250,5.0
251,5.0
252,5.0
253,5.0
254,5.0
255,5.0
256,4.0
257,4.0
258,4.0
259,4.0
260,5.0
261,5.0
262,5.0
263,5.0
264,4.0
265,4.0
266,4.0
267,4.0
268,5.0
269,5.0
270,5.0
271,5.0
272,4.0
273,4.0
274,4.0
275,4.0
276,4.0
277,4.0
278,4.0
279,4.0
280,5.0
281,5.0
282,5.0
283,5.0
284,5.0
285,5.0
286,5.0
287,5.0
288,5.0
289,4.0
290,5.0
291,4.0
292,4.0
293,5.0
294,4.0
295,4.0
296,5.0
297,5.0
298,5.0
299,5.0
300,4.0
301,5.0
302,4.0
303,4.0
304,5.0
305,5.0
306,4.0
307,4.0
308,5.0
309,5.0
310,5.0
311,5.0
312,4.0
313,4.0
314,4.0
315,4.0
316,4.0
317,4.0
318,4.0
319,4.0
320,5.0
321,5.0
322,5.0
323,5.0
324,5.0
325,5.0
326,5.0
327,4.0
328,4.0
329,4.0
330,4.0
331,4.0
332,5.0
333,5.0
334,5.0
335,5.0
336,4.0
337,4.0
338,5.0
339,5.0
340,5.0
341,5.0
342,5.0
343,5.0
344,5.0
345,5.0
346,5.0
347,5.0
348,4.0
349,4.0
350,4.0
351,4.0
352,5.0
353,4.0
354,5.0
355,5.0
356,5.0
357,4.0
358,4.0
359,4.0
360,4.0
361,5.0
362,4.0
363,4.0
364,5.0
365,5.0
366,5.0
367,5.0
368,5.0
369,4.0
370,5.0
371,4.0
372,4.0
373,4.0
374,4.0
375,4.0
376,5.0
377,4.0
378,5.0
379,4.0
380,5.0
381,5.0
382,5.0
383,5.0
384,4.0
385,4.0
386,4.0
387,4.0
388,5.0
389,5.0
390,5.0
391,4.0
392,5.0
393,5.0
394,5.0
395,5.0
396,5.0
397,5.0
398,5.0
399,5.0
400,4.0
401,4.0
402,4.0
403,4.0
404,4.0
405,4.0
406,4.0
407,5.0
408,4.0
409,4.0
410,5.0
411,5.0
412,5.0
413,4.0
414,4.0
415,5.0
416,4.0
417,5.0
418,4.0
419,5.0
420,5.0
421,4.0
422,4.0
423,4.0
424,5.0
425,5.0
426,5.0
427,4.0
428,4.0
429,5.0
430,4.0
431,5.0
432,4.0
433,5.0
434,4.0
435,5.0
436,5.0
437,5.0
438,5.0
439,4.0
440,5.0
441,4.0
442,5.0
443,4.0
444,4.0
445,5.0
446,4.0
447,5.0
448,5.0
449,5.0
450,5.0
451,4.0
452,4.0
453,4.0
454,5.0
455,5.0
456,5.0
457,4.0
458,5.0
459,4.0
460,4.0
461,5.0
462,4.0
463,5.0
464,5.0
465,5.0
466,4.0
467,5.0
468,4.0
469,4.0
470,4.0
471,4.0
472,4.0
473,4.0
474,4.0
475,4.0
476,5.0
477,4.0
478,4.0
479,4.0
480,5.0
481,4.0
482,4.0
483,5.0
484,5.0
485,4.0
486,5.0
487,4.0
488,5.0
489,4.0
490,4.0
491,5.0
492,4.0
493,4.0
494,4.0
495,5.0
496,5.0
497,5.0
498,5.0
499,5.0
500,5.0
501,5.0
502,4.0
503,4.0
504,4.0
505,4.0
506,5.0
507,5.0
508,4.0
509,4.0
510,5.0
511,5.0
512,5.0
513,4.0
514,4.0
515,5.0
516,4.0
517,5.0
518,4.0
519,4.0
520,4.0
521,5.0
522,5.0
523,4.0
524,4.0
525,5.0
526,4.0
527,4.0
528,4.0
529,5.0
530,4.0
531,5.0
532,4.0
533,4.0
534,4.0
535,5.0
536,4.0
537,5.0
538,5.0
539,4.0
540,5.0
541,4.0
542,4.0
543,5.0
544,4.0
545,5.0
546,5.0
547,4.0
548,4.0
549,4.0
550,5.0
551,4.0
552,5.0
553,4.0
554,5.0
555,5.0
556,5.0
557,5.0
558,5.0
559,4.0
560,4.0
561,5.0
562,4.0
563,5.0
564,5.0
565,5.0
566,4.0
567,5.0
568,5.0
569,4.0
570,4.0
571,5.0
572,5.0
573,4.0
574,5.0
575,5.0
576,4.0
577,5.0
578,4.0
579,4.0
580,5.0
581,5.0
582,4.0
583,5.0
584,4.0
585,5.0
586,5.0
587,4.0
588,5.0
589,5.0
590,4.0
591,5.0
592,5.0
593,4.0
594,5.0
595,5.0
596,4.0
597,5.0
598,5.0
599,5.0
600,5.0
601,5.0
602,4.0
603,4.0
604,4.0
605,4.0
606,5.0
607,5.0
608,4.0
609,5.0
610,5.0
611,5.0
612,5.0
613,4.0
614,5.0
615,5.0
616,5.0
617,5.0
618,4.0
619,5.0
620,4.0
621,4.0
622,5.0
623,5.0
624,5.0
625,5.0
626,5.0
627,4.0
628,5.0
629,5.0
630,4.0
631,5.0
632,4.0
633,5.0
634,4.0
635,5.0
636,4.0
637,5.0
638,5.0
639,4.0
640,5.0
641,4.0
642,4.0
643,5.0
644,4.0
645,4.0
646,4.0
647,4.0
648,5.0
649,4.0
650,5.0
651,4.0
652,4.0
653,4.0
654,5.0
655,5.0
656,5.0
657,4.0
658,5.0
659,4.0
660,4.0
661,5.0
662,5.0
663,5.0
664,4.0
665,5.0
666,4.0
667,5.0
668,4.0
669,4.0
670,4.0
671,5.0
672,4.0
673,4.0
674,5.0
675,5.0
676,5.0
677,4.0
678,5.0
679,5.0
680,5.0
681,5.0
682,4.0
683,5.0
684,5.0
685,5.0
686,5.0
687,4.0
688,5.0
689,5.0
690,5.0
691,5.0
692,5.0
693,4.0
694,5.0
695,5.0
696,4.0
697,5.0
698,5.0
699,5.0
700,4.0
701,5.0
702,4.0
703,4.0
704,4.0
705,4.0
706,5.0
707,5.0
708,4.0
709,5.0
710,5.0
711,5.0
712,5.0
713,4.0
714,4.0
715,4.0
716,5.0
717,5.0
718,4.0
719,5.0
720,4.0
721,4.0
722,4.0
723,4.0
724,5.0
725,4.0
726,5.0
727,4.0
728,4.0
729,5.0
730,4.0
731,5.0
732,4.0
733,5.0
734,4.0
735,4.0
736,4.0
737,4.0
738,5.0
739,4.0
740,4.0
741,5.0
742,4.0
743,4.0
744,4.0
745,5.0
746,4.0
747,4.0
748,4.0
749,4.0
750,5.0
751,5.0
752,5.0
753,4.0
754,4.0
755,5.0
756,5.0
757,4.0
758,5.0
759,5.0
760,4.0
761,5.0
762,4.0
763,5.0
764,4.0
765,5.0
766,4.0
767,5.0
768,4.0
769,4.0
770,4.0
771,5.0
772,4.0
773,4.0
774,4.0
775,5.0
776,5.0
777,5.0
778,4.0
779,4.0
780,5.0
781,5.0
782,4.0
783,5.0
784,5.0
785,5.0
786,5.0
787,4.0
788,4.0
789,4.0
790,4.0
791,5.0
792,5.0
793,5.0
794,4.0
795,5.0
796,4.0
797,5.0
798,5.0
799,5.0
800,5.0
801,5.0
802,4.0
803,4.0
804,4.0
805,4.0
806,5.0
807,5.0
808,5.0
809,4.0
810,4.0
811,5.0
812,4.0
813,4.0
814,4.0
815,5.0
816,4.0
817,4.0
818,5.0
819,4.0
820,5.0
821,5.0
822,4.0
823,5.0
824,5.0
825,5.0
826,5.0
827,4.0
828,4.0
829,5.0
830,4.0
831,5.0
832,5.0
833,5.0
834,5.0
835,4.0
836,5.0
837,5.0
838,5.0
839,4.0
840,5.0
841,5.0
842,4.0
843,5.0
844,4.0
845,4.0
846,4.0
847,5.0
848,4.0
849,4.0
850,5.0
851,5.0
852,5.0
853,4.0
854,5.0
855,5.0
856,5.0
857,4.0
858,5.0
859,4.0
860,4.0
861,5.0
862,5.0
863,4.0
864,5.0
865,5.0
866,5.0
867,5.0
868,4.0
869,5.0
870,5.0
871,5.0
872,5.0
873,4.0
874,4.0
875,4.0
876,4.0
877,5.0
878,4.0
879,4.0
880,5.0
881,4.0
882,4.0
883,5.0
884,5.0
885,4.0
886,5.0
887,5.0
888,4.0
889,4.0
890,5.0
891,5.0
892,5.0
893,4.0
894,5.0
895,4.0
896,4.0
897,5.0
898,5.0
899,5.0
900,5.0
901,5.0
902,4.0
903,4.0
904,4.0
905,4.0
906,5.0
907,5.0
908,4.0
909,5.0
910,5.0
911,4.0
912,4.0
913,4.0
914,4.0
915,4.0
916,5.0
917,4.0
918,5.0
919,4.0
920,5.0
921,4.0
922,4.0
923,4.0
924,4.0
925,5.0
926,4.0
927,4.0
928,4.0
929,5.0
930,4.0
931,5.0
932,4.0
933,5.0
934,4.0
935,5.0
936,4.0
937,4.0
938,4.0
939,4.0
940,5.0
941,4.0
942,4.0
943,5.0
944,5.0
945,5.0
946,5.0
947,5.0
948,5.0
949,4.0
950,4.0
951,4.0
952,5.0
953,4.0
954,4.0
955,5.0
956,5.0
957,4.0
958,5.0
959,4.0
960,4.0
961,5.0
962,5.0
963,5.0
964,5.0
965,5.0
966,4.0
967,4.0
968,4.0
969,5.0
970,5.0
971,4.0
972,5.0
973,4.0
974,5.0
975,5.0
976,5.0
977,5.0
978,4.0
979,4.0
980,5.0
981,4.0
982,4.0
983,4.0
984,4.0
985,5.0
986,5.0
987,4.0
988,4.0
989,5.0
990,4.0
991,5.0
992,4.0
993,4.0
994,4.0
995,5.0
996,5.0
997,4.0
998,5.0
999,5.0
1000,4.0
1001,5.0
1002,4.0
1003,4.0
1004,4.0
1005,4.0
1006,5.0
1007,5.0
1008,4.0
1009,4.0
1010,5.0
1011,5.0
1012,5.0
1013,4.0
1014,4.0
1015,4.0
1016,4.0
1017,5.0
1018,4.0
1019,5.0
1020,5.0
1021,5.0
1022,4.0
1023,4.0
1024,4.0
1025,4.0
1026,5.0
1027,4.0
1028,4.0
1029,5.0
1030,4.0
1031,5.0
1032,4.0
1033,4.0
1034,4.0
1035,4.0
1036,5.0
1037,5.0
1038,5.0
1039,4.0
1040,5.0
1041,4.0
1042,4.0
1043,5.0
1044,4.0
1045,5.0
1046,4.0
1047,4.0
1048,4.0
1049,4.0
1050,4.0
1051,4.0
1052,4.0
1053,4.0
1054,5.0
1055,4.0
1056,5.0
1057,4.0
1058,4.0
1059,4.0
1060,4.0
1061,5.0
1062,5.0
1063,5.0
1064,5.0
1065,5.0
1066,4.0
1067,4.0
1068,4.0
1069,4.0
1070,5.0
1071,4.0
1072,5.0
1073,4.0
1074,4.0
1075,4.0
1076,5.0
1077,5.0
1078,4.0
1079,5.0
1080,5.0
1081,5.0
1082,4.0
1083,5.0
1084,4.0
1085,5.0
1086,5.0
1087,4.0
1088,5.0
1089,4.0
1090,4.0
1091,4.0
1092,5.0
1093,4.0
1094,5.0
1095,4.0
1096,5.0
1097,5.0
1098,5.0
1099,5.0
1100,5.0
1101,4.0
1102,5.0
1103,4.0
1104,5.0
1105,4.0
1106,4.0
1107,5.0
1108,4.0
1109,4.0
1110,5.0
1111,4.0
1112,5.0
1113,5.0
1114,4.0
1115,5.0
1116,5.0
1117,5.0
1118,4.0
1119,5.0
1120,4.0
1121,4.0
1122,5.0
1123,4.0
1124,4.0
1125,5.0
1126,5.0
1127,4.0
1128,4.0
1129,5.0
1130,4.0
1131,5.0
1132,4.0
1133,4.0
1134,5.0
1135,4.0
1136,4.0
1137,4.0
1138,5.0
1139,4.0
1140,5.0
1141,5.0
1142,4.0
1143,4.0
1144,4.0
1145,5.0
1146,5.0
1147,4.0
1148,5.0
1149,4.0
1150,5.0
1151,4.0
1152,4.0
1153,4.0
1154,5.0
1155,5.0
1156,5.0
1157,4.0
1158,5.0
1159,4.0
1160,5.0
1161,4.0
1162,5.0
1163,5.0
1164,5.0
1165,5.0
1166,4.0
1167,5.0
1168,4.0
1169,5.0
1170,4.0
1171,5.0
1172,4.0
1173,5.0
1174,5.0
1175,4.0
1176,5.0
1177,4.0
1178,4.0
1179,4.0
1180,5.0
1181,5.0
1182,4.0
1183,5.0
1184,5.0
1185,5.0
1186,4.0
1187,4.0
1188,5.0
1189,4.0
1190,5.0
1191,4.0
1192,5.0
1193,4.0
1194,4.0
1195,4.0
1196,4.0
1197,5.0
1198,5.0
1199,5.0
1200,4.0
1201,4.0
1202,5.0
1203,4.0
1204,4.0
1205,4.0
1206,5.0
1207,5.0
1208,4.0
1209,5.0
1210,5.0
1211,4.0
1212,5.0
1213,4.0
1214,4.0
1215,5.0
1216,5.0
1217,5.0
1218,4.0
1219,5.0
1220,5.0
1221,4.0
1222,5.0
1223,4.0
1224,4.0
1225,5.0
1226,4.0
1227,5.0
1228,4.0
1229,5.0
1230,4.0
1231,5.0
1232,5.0
1233,4.0
1234,4.0
1235,5.0
1236,4.0
1237,5.0
1238,5.0
1239,4.0
1240,4.0
1241,4.0
1242,5.0
1243,4.0
1244,4.0
1245,5.0
1246,5.0
1247,4.0
1248,5.0
1249,4.0
1250,5.0
1251,4.0
1252,5.0
1253,4.0
1254,5.0
1255,4.0
1256,5.0
1257,5.0
1258,5.0
1259,4.0
1260,4.0
1261,5.0
1262,4.0
1263,5.0
1264,5.0
1265,4.0
1266,5.0
1267,5.0
1268,5.0
1269,5.0
1270,4.0
1271,4.0
1272,5.0
1273,5.0
1274,4.0
1275,4.0
1276,4.0
1277,5.0
1278,4.0
1279,4.0
1280,4.0
1281,5.0
1282,4.0
1283,4.0
1284,5.0
1285,4.0
1286,5.0
1287,4.0
1288,5.0
1289,5.0
1290,4.0
1291,4.0
1292,5.0
1293,4.0
1294,5.0
1295,4.0
1296,5.0
1297,4.0
1298,5.0
1299,5.0
1300,4.0
1301,5.0
1302,4.0
1303,4.0
1304,4.0
1305,5.0
1306,5.0
1307,5.0
1308,4.0
1309,5.0
1310,5.0
1311,4.0
1312,5.0
1313,4.0
1314,5.0
1315,5.0
1316,5.0
1317,5.0
1318,4.0
1319,5.0
1320,4.0
1321,4.0
1322,5.0
1323,4.0
1324,5.0
1325,5.0
1326,5.0
1327,4.0
1328,4.0
1329,4.0
1330,4.0
1331,5.0
1332,5.0
1333,5.0
1334,4.0
1335,5.0
1336,5.0
1337,4.0
1338,5.0
1339,4.0
1340,5.0
1341,4.0
1342,4.0
1343,5.0
1344,4.0
1345,4.0
1346,4.0
1347,5.0
1348,4.0
1349,4.0
1350,5.0
1351,4.0
1352,5.0
1353,4.0
1354,4.0
1355,5.0
1356,5.0
1357,4.0
1358,5.0
1359,4.0
1360,4.0
1361,4.0
1362,4.0
1363,5.0
1364,4.0
1365,5.0
1366,5.0
1367,5.0
1368,4.0
1369,5.0
1370,5.0
1371,5.0
1372,5.0
1373,4.0
1374,5.0
1375,4.0
1376,4.0
1377,4.0
1378,4.0
1379,4.0
1380,5.0
1381,4.0
1382,4.0
1383,5.0
1384,5.0
1385,5.0
1386,5.0
1387,5.0
1388,4.0
1389,4.0
1390,4.0
1391,5.0
1392,5.0
1393,4.0
1394,4.0
1395,4.0
1396,4.0
1397,5.0
1398,5.0
1399,5.0
1400,4.0
1401,5.0
1402,4.0
1403,4.0
1404,4.0
1405,4.0
1406,4.0
1407,5.0
1408,4.0
1409,4.0
1410,5.0
1411,5.0
1412,5.0
1413,4.0
1414,5.0
1415,5.0
1416,5.0
1417,4.0
1418,4.0
1419,5.0
1420,5.0
1421,4.0
1422,4.0
1423,4.0
1424,5.0
1425,5.0
1426,4.0
1427,4.0
1428,4.0
1429,5.0
1430,4.0
1431,5.0
1432,4.0
1433,5.0
1434,5.0
1435,4.0
1436,5.0
1437,5.0
1438,5.0
1439,4.0
1440,5.0
1441,5.0
1442,5.0
1443,5.0
1444,4.0
1445,4.0
1446,5.0
1447,5.0
1448,4.0
1449,5.0
1450,5.0
1451,4.0
1452,5.0
1453,4.0
1454,4.0
1455,5.0
1456,5.0
1457,4.0
1458,5.0
1459,4.0
1460,4.0
1461,5.0
1462,5.0
1463,5.0
1464,4.0
1465,4.0
1466,4.0
1467,5.0
1468,4.0
1469,4.0
1470,4.0
1471,4.0
1472,4.0
1473,4.0
1474,4.0
1475,4.0
1476,4.0
1477,4.0
1478,4.0
1479,5.0
1480,5.0
1481,5.0
1482,4.0
1483,5.0
1484,5.0
1485,5.0
1486,5.0
1487,5.0
1488,5.0
1489,5.0
1490,5.0
1491,5.0
1492,5.0
1493,4.0
1494,4.0
1495,5.0
1496,4.0
1497,5.0
1498,5.0
1499,5.0
1500,4.0
1501,4.0
1502,5.0
1503,4.0
1504,4.0
1505,4.0
1506,4.0
1507,5.0
1508,4.0
1509,5.0
1510,5.0
1511,4.0
1512,5.0
1513,4.0
1514,5.0
1515,5.0
1516,5.0
1517,4.0
1518,4.0
1519,5.0
1520,5.0
1521,4.0
1522,4.0
1523,5.0
1524,4.0
1525,4.0
1526,5.0
1527,4.0
1528,5.0
1529,5.0
1530,4.0
1531,5.0
1532,5.0
1533,5.0
1534,4.0
1535,5.0
1536,4.0
1537,5.0
1538,5.0
1539,4.0
1540,4.0
1541,4.0
1542,4.0
1543,5.0
1544,5.0
1545,5.0
1546,5.0
1547,5.0
1548,5.0
1549,4.0
1550,5.0
1551,4.0
1552,4.0
1553,4.0
1554,5.0
1555,5.0
1556,5.0
1557,5.0
1558,4.0
1559,4.0
1560,4.0
1561,5.0
1562,4.0
1563,5.0
1564,5.0
1565,5.0
1566,4.0
1567,4.0
1568,4.0
1569,5.0
1570,4.0
1571,4.0
1572,4.0
1573,4.0
1574,5.0
1575,4.0
1576,5.0
1577,5.0
1578,4.0
1579,4.0
1580,4.0
1581,5.0
1582,4.0
1583,5.0
1584,5.0
1585,5.0
1586,5.0
1587,5.0
1588,5.0
1589,5.0
1590,4.0
1591,4.0
1592,5.0
1593,4.0
1594,4.0
1595,5.0
1596,4.0
1597,4.0
1598,5.0
1599,5.0
1600,4.0
1601,5.0
1602,5.0
1603,5.0
1604,4.0
1605,5.0
1606,5.0
1607,4.0
1608,4.0
1609,5.0
1610,5.0
1611,5.0
1612,4.0
1613,5.0
1614,4.0
1615,5.0
1616,4.0
1617,5.0
1618,4.0
1619,4.0
1620,4.0
1621,4.0
1622,5.0
1623,5.0
1624,5.0
1625,5.0
1626,4.0
1627,4.0
1628,5.0
1629,4.0
1630,5.0
1631,5.0
1632,5.0
1633,4.0
1634,5.0
1635,4.0
1636,5.0
1637,5.0
1638,4.0
1639,5.0
1640,4.0
1641,4.0
1642,4.0
1643,5.0
1644,5.0
1645,4.0
1646,5.0
1647,4.0
1648,5.0
1649,5.0
1650,4.0
1651,4.0
1652,4.0
1653,5.0
1654,4.0
1655,5.0
1656,4.0
1657,4.0
1658,4.0
1659,4.0
1660,5.0
1661,5.0
1662,5.0
1663,5.0
1664,4.0
1665,4.0
1666,4.0
1667,4.0
1668,4.0
1669,4.0
1670,5.0
1671,5.0
1672,4.0
1673,5.0
1674,4.0
1675,5.0
1676,4.0
1677,4.0
1678,4.0
1679,5.0
1680,5.0
1681,4.0
1682,4.0
1683,4.0
1684,5.0
1685,5.0
1686,4.0
1687,5.0
1688,4.0
1689,5.0
1690,4.0
1691,4.0
1692,4.0
1693,5.0
1694,5.0
1695,4.0
1696,5.0
1697,5.0
1698,5.0
1699,4.0
1700,4.0
1701,5.0
1702,4.0
1703,4.0
1704,4.0
1705,5.0
1706,4.0
1707,5.0
1708,5.0
1709,4.0
1710,5.0
1711,4.0
1712,4.0
1713,5.0
1714,4.0
1715,5.0
1716,4.0
1717,4.0
1718,5.0
1719,4.0
1720,5.0
1721,4.0
1722,4.0
1723,5.0
1724,5.0
1725,4.0
1726,4.0
1727,5.0
1728,4.0
1729,5.0
1730,4.0
1731,4.0
1732,5.0
1733,4.0
1734,5.0
1735,4.0
1736,5.0
1737,4.0
1738,5.0
1739,5.0
1740,5.0
1741,5.0
1742,4.0
1743,5.0
1744,4.0
1745,4.0
1746,5.0
1747,4.0
1748,4.0
1749,4.0
1750,4.0
1751,4.0
1752,4.0
1753,5.0
1754,5.0
1755,4.0
1756,5.0
1757,5.0
1758,4.0
1759,4.0
1760,5.0
1761,4.0
1762,5.0
1763,4.0
1764,4.0
1765,5.0
1766,5.0
1767,4.0
1768,5.0
1769,4.0
1770,4.0
1771,5.0
1772,4.0
1773,4.0
1774,5.0
1775,4.0
1776,4.0
1777,4.0
1778,4.0
1779,4.0
1780,4.0
1781,5.0
1782,5.0
1783,5.0
1784,4.0
1785,4.0
1786,5.0
1787,5.0
1788,5.0
1789,5.0
1790,5.0
1791,4.0
1792,5.0
1793,4.0
1794,4.0
1795,4.0
1796,5.0
1797,5.0
1798,4.0
1799,4.0
1800,4.0
1801,4.0
1802,4.0
1803,4.0
1804,4.0
1805,4.0
1806,5.0
1807,5.0
1808,4.0
1809,5.0
1810,4.0
1811,5.0
1812,4.0
1813,5.0
1814,4.0
1815,5.0
1816,5.0
1817,5.0
1818,4.0
1819,4.0
1820,4.0
1821,4.0
1822,5.0
1823,5.0
1824,4.0
1825,4.0
1826,4.0
1827,4.0
1828,5.0
1829,5.0
1830,5.0
1831,4.0
1832,5.0
1833,4.0
1834,5.0
1835,5.0
1836,4.0
1837,4.0
1838,5.0
1839,4.0
1840,4.0
1841,4.0
1842,5.0
1843,4.0
1844,4.0
1845,5.0
1846,5.0
1847,5.0
1848,4.0
1849,4.0
1850,4.0
1851,4.0
1852,5.0
1853,4.0
1854,5.0
1855,5.0
1856,5.0
1857,4.0
1858,5.0
1859,4.0
1860,4.0
1861,5.0
1862,5.0
1863,4.0
1864,4.0
1865,5.0
1866,5.0
1867,5.0
1868,5.0
1869,4.0
1870,4.0
1871,4.0
1872,4.0
1873,4.0
1874,5.0
1875,4.0
1876,4.0
1877,5.0
1878,4.0
1879,4.0
1880,5.0
1881,4.0
1882,5.0
1883,5.0
1884,5.0
1885,5.0
1886,4.0
1887,4.0
1888,4.0
1889,5.0
1890,5.0
1891,4.0
1892,4.0
1893,4.0
1894,5.0
1895,5.0
1896,4.0
1897,4.0
1898,4.0
1899,4.0
1900,4.0
1901,4.0
1902,5.0
1903,5.0
1904,4.0
1905,5.0
1906,5.0
1907,5.0
1908,5.0
1909,4.0
1910,4.0
1911,4.0
1912,4.0
1913,5.0
1914,4.0
1915,5.0
1916,5.0
1917,4.0
1918,4.0
1919,5.0
1920,4.0
1921,5.0
1922,4.0
1923,4.0
1924,5.0
1925,5.0
1926,4.0
1927,5.0
1928,5.0
1929,5.0
1930,4.0
1931,4.0
1932,4.0
1933,5.0
1934,5.0
1935,4.0
1936,5.0
1937,4.0
1938,4.0
1939,5.0
1940,5.0
1941,4.0
1942,4.0
1943,5.0
1944,4.0
1945,5.0
1946,5.0
1947,4.0
1948,4.0
1949,4.0
1950,4.0
1951,5.0
1952,4.0
1953,5.0
1954,5.0
1955,4.0
1956,5.0
1957,5.0
1958,4.0
1959,5.0
1960,5.0
1961,4.0
1962,5.0
1963,5.0
1964,5.0
1965,4.0
1966,5.0
1967,5.0
1968,5.0
1969,5.0
1970,5.0
1971,4.0
1972,4.0
1973,5.0
1974,4.0
1975,4.0
1976,5.0
1977,5.0
1978,4.0
1979,5.0
1980,5.0
1981,4.0
1982,5.0
1983,5.0
1984,5.0
1985,5.0
1986,4.0
1987,5.0
1988,5.0
1989,4.0
1990,4.0
1991,4.0
1992,4.0
1993,5.0
1994,5.0
1995,5.0
1996,4.0
1997,4.0
1998,4.0
1999,4.0
2000,5.0
2001,5.0
2002,5.0
2003,4.0
2004,4.0
2005,5.0
2006,4.0
2007,4.0
2008,4.0
2009,5.0
2010,5.0
2011,4.0
2012,5.0
2013,5.0
2014,5.0
2015,5.0
2016,5.0
2017,5.0
2018,4.0
2019,4.0
2020,4.0
2021,5.0
2022,4.0
2023,5.0
2024,5.0
2025,4.0
2026,5.0
2027,4.0
2028,4.0
2029,4.0
2030,4.0
2031,5.0
2032,5.0
2033,4.0
2034,4.0
2035,4.0
2036,4.0
2037,4.0
2038,5.0
2039,5.0
2040,5.0
2041,5.0
2042,5.0
2043,4.0
2044,4.0
2045,5.0
2046,4.0
2047,4.0
2048,4.0
2049,5.0
2050,5.0
2051,5.0
2052,5.0
2053,5.0
2054,4.0
2055,4.0
2056,5.0
2057,4.0
2058,5.0
2059,4.0
2060,5.0
2061,4.0
2062,4.0
2063,4.0
2064,5.0
2065,5.0
2066,5.0
2067,5.0
2068,4.0
2069,4.0
2070,5.0
2071,4.0
2072,5.0
2073,4.0
2074,5.0
2075,4.0
2076,4.0
2077,4.0
2078,5.0
2079,4.0
2080,5.0
2081,5.0
2082,5.0
2083,5.0
2084,4.0
2085,4.0
2086,5.0
2087,5.0
2088,4.0
2089,4.0
2090,5.0
2091,5.0
2092,5.0
2093,5.0
2094,4.0
2095,5.0
2096,5.0
2097,4.0
2098,4.0
2099,4.0
2100,5.0
2101,5.0
2102,4.0
2103,4.0
2104,4.0
2105,4.0
2106,5.0
2107,4.0
2108,5.0
2109,4.0
2110,5.0
2111,4.0
2112,4.0
2113,5.0
2114,5.0
2115,5.0
2116,5.0
2117,5.0
2118,5.0
2119,5.0
2120,5.0
2121,4.0
2122,4.0
2123,5.0
2124,4.0
2125,5.0
2126,4.0
2127,4.0
2128,4.0
2129,5.0
2130,4.0
2131,4.0
2132,5.0
2133,4.0
2134,5.0
2135,4.0
2136,5.0
2137,5.0
2138,4.0
2139,4.0
2140,4.0
2141,4.0
2142,5.0
2143,4.0
2144,5.0
2145,4.0
2146,5.0
2147,4.0
2148,4.0
2149,5.0
2150,5.0
2151,5.0
2152,5.0
2153,5.0
2154,5.0
2155,5.0
2156,4.0
2157,5.0
2158,5.0
2159,4.0
2160,4.0
2161,5.0
2162,4.0
2163,5.0
2164,4.0
2165,5.0
2166,5.0
2167,5.0
2168,4.0
2169,5.0
2170,5.0
2171,4.0
2172,4.0
2173,4.0
2174,5.0
2175,4.0
2176,5.0
2177,5.0
2178,4.0
2179,5.0
2180,5.0
2181,4.0
2182,5.0
2183,4.0
2184,4.0
2185,5.0
2186,4.0
2187,4.0
2188,4.0
2189,5.0
2190,4.0
2191,5.0
2192,5.0
2193,5.0
2194,5.0
2195,5.0
2196,4.0
2197,4.0
2198,4.0
2199,5.0
2200,5.0
2201,4.0
2202,4.0
2203,5.0
2204,4.0
2205,5.0
2206,4.0
2207,5.0
2208,4.0
2209,5.0
2210,5.0
2211,5.0
2212,5.0
2213,4.0
2214,5.0
2215,4.0
2216,5.0
2217,5.0
2218,5.0
2219,5.0
2220,4.0
2221,5.0
2222,5.0
2223,4.0
2224,5.0
2225,5.0
2226,4.0
2227,4.0
2228,4.0
2229,5.0
2230,5.0
2231,5.0
2232,4.0
2233,4.0
2234,4.0
2235,4.0
2236,5.0
2237,4.0
2238,5.0
2239,4.0
2240,5.0
2241,5.0
2242,5.0
2243,4.0
2244,4.0
2245,4.0
2246,4.0
2247,5.0
2248,5.0
2249,5.0
2250,5.0
2251,5.0
2252,4.0
2253,4.0
2254,5.0
2255,4.0
2256,4.0
2257,5.0
2258,5.0
2259,4.0
2260,4.0
2261,5.0
2262,4.0
2263,5.0
2264,5.0
2265,5.0
2266,4.0
2267,4.0
2268,5.0
2269,4.0
2270,4.0
2271,4.0
2272,4.0
2273,4.0
2274,4.0
2275,5.0
2276,5.0
2277,4.0
2278,5.0
2279,4.0
2280,4.0
2281,4.0
2282,5.0
2283,5.0
2284,4.0
2285,4.0
2286,4.0
2287,5.0
2288,4.0
2289,4.0
2290,5.0
2291,5.0
2292,4.0
2293,5.0
2294,5.0
2295,4.0
2296,4.0
2297,4.0
2298,5.0
2299,4.0
2300,4.0
2301,5.0
2302,4.0
2303,4.0
2304,4.0
2305,5.0
2306,4.0
2307,5.0
2308,4.0
2309,4.0
2310,4.0
2311,5.0
2312,5.0
2313,5.0
2314,5.0
2315,4.0
2316,4.0
2317,5.0
2318,5.0
2319,4.0
2320,5.0
2321,4.0
2322,5.0
2323,5.0
2324,5.0
2325,5.0
2326,4.0
2327,4.0
2328,5.0
2329,4.0
2330,4.0
2331,5.0
2332,5.0
2333,4.0
2334,4.0
2335,4.0
2336,5.0
2337,5.0
2338,4.0
2339,4.0
2340,4.0
2341,5.0
2342,4.0
2343,5.0
2344,4.0
2345,5.0
2346,4.0
2347,5.0
2348,5.0
2349,5.0
2350,5.0
2351,4.0
2352,4.0
2353,5.0
2354,5.0
2355,4.0
2356,4.0
2357,4.0
2358,5.0
2359,4.0
2360,4.0
2361,5.0
2362,5.0
2363,4.0
2364,5.0
2365,4.0
2366,4.0
2367,5.0
2368,4.0
2369,4.0
2370,5.0
2371,5.0
2372,4.0
2373,5.0
2374,4.0
2375,5.0
2376,4.0
2377,4.0
2378,4.0
2379,5.0
2380,5.0
2381,5.0
2382,5.0
2383,4.0
2384,5.0
2385,5.0
2386,4.0
2387,4.0
2388,5.0
2389,4.0
2390,4.0
2391,4.0
2392,4.0
2393,4.0
2394,4.0
2395,4.0
2396,5.0
2397,4.0
2398,4.0
2399,5.0
2400,4.0
2401,4.0
2402,4.0
2403,4.0
2404,4.0
2405,4.0
2406,5.0
2407,4.0
2408,5.0
2409,5.0
2410,4.0
2411,4.0
2412,5.0
2413,5.0
2414,5.0
2415,5.0
2416,4.0
2417,5.0
2418,5.0
2419,5.0
2420,4.0
2421,4.0
2422,5.0
2423,4.0
2424,4.0
2425,4.0
2426,4.0
2427,4.0
2428,4.0
2429,5.0
2430,5.0
2431,4.0
2432,5.0
2433,4.0
2434,5.0
2435,5.0
2436,5.0
2437,5.0
2438,5.0
2439,5.0
2440,5.0
2441,4.0
2442,4.0
2443,4.0
2444,5.0
2445,5.0
2446,5.0
2447,5.0
2448,4.0
2449,4.0
2450,5.0
2451,4.0
2452,4.0
2453,5.0
2454,5.0
2455,4.0
2456,4.0
2457,4.0
2458,5.0
2459,4.0
2460,5.0
2461,4.0
2462,5.0
2463,4.0
2464,5.0
2465,5.0
2466,4.0
2467,4.0
2468,5.0
2469,5.0
2470,4.0
2471,5.0
2472,4.0
2473,5.0
2474,5.0
2475,5.0
2476,4.0
2477,4.0
2478,4.0
2479,4.0
2480,5.0
2481,4.0
2482,4.0
2483,5.0
2484,5.0
2485,5.0
2486,5.0
2487,5.0
2488,5.0
2489,4.0
2490,4.0
2491,4.0
2492,5.0
2493,5.0
2494,5.0
2495,5.0
2496,5.0
2497,5.0
2498,4.0
2499,4.0
2500,4.0
2501,4.0
2502,5.0
2503,5.0
2504,5.0
2505,4.0
2506,5.0
2507,4.0
2508,4.0
2509,5.0
2510,5.0
2511,4.0
2512,5.0
2513,5.0
2514,4.0
2515,5.0
2516,4.0
2517,4.0
2518,4.0
2519,4.0
2520,4.0
2521,4.0
2522,5.0
2523,4.0
2524,5.0
2525,5.0
2526,4.0
2527,5.0
2528,4.0
2529,4.0
2530,4.0
2531,5.0
2532,5.0
2533,5.0
2534,5.0
2535,4.0
2536,4.0
2537,5.0
2538,5.0
2539,5.0
2540,4.0
2541,5.0
2542,5.0
2543,5.0
2544,5.0
2545,5.0
2546,5.0
2547,4.0
2548,4.0
2549,4.0
2550,5.0
2551,4.0
2552,4.0
2553,4.0
2554,5.0
2555,4.0
2556,4.0
2557,4.0
2558,5.0
2559,4.0
2560,4.0
2561,4.0
2562,5.0
2563,4.0
2564,5.0
2565,4.0
2566,5.0
2567,4.0
2568,4.0
2569,5.0
2570,5.0
2571,5.0
2572,5.0
2573,4.0
2574,5.0
2575,5.0
2576,5.0
2577,5.0
2578,5.0
2579,4.0
2580,4.0
2581,4.0
2582,4.0
2583,5.0
2584,5.0
2585,5.0
2586,5.0
2587,5.0
2588,5.0
2589,4.0
2590,4.0
2591,5.0
2592,5.0
2593,4.0
2594,5.0
2595,5.0
2596,5.0
2597,5.0
2598,4.0
2599,5.0
2600,5.0
2601,4.0
2602,4.0
2603,4.0
2604,4.0
2605,4.0
2606,5.0
2607,5.0
2608,5.0
2609,4.0
2610,4.0
2611,4.0
2612,5.0
2613,5.0
2614,4.0
2615,5.0
2616,4.0
2617,5.0
2618,4.0
2619,5.0
2620,5.0
2621,4.0
2622,4.0
2623,4.0
2624,5.0
2625,4.0
2626,4.0
2627,5.0
2628,5.0
2629,5.0
2630,5.0
2631,5.0
2632,5.0
2633,4.0
2634,5.0
2635,4.0
2636,5.0
2637,4.0
2638,4.0
2639,5.0
2640,5.0
2641,4.0
2642,5.0
2643,4.0
2644,5.0
2645,4.0
2646,4.0
2647,4.0
2648,5.0
2649,4.0
2650,4.0
2651,5.0
2652,4.0
2653,5.0
2654,5.0
2655,4.0
2656,4.0
2657,5.0
2658,4.0
2659,4.0
2660,4.0
2661,4.0
2662,4.0
2663,4.0
2664,4.0
2665,4.0
2666,5.0
2667,4.0
2668,4.0
2669,5.0
2670,4.0
2671,5.0
2672,4.0
2673,4.0
2674,5.0
2675,5.0
2676,4.0
2677,4.0
2678,5.0
2679,5.0
2680,5.0
2681,5.0
2682,4.0
2683,4.0
2684,4.0
2685,5.0
2686,4.0
2687,4.0
2688,5.0
2689,5.0
2690,4.0
2691,5.0
2692,5.0
2693,5.0
2694,5.0
2695,4.0
2696,5.0
2697,5.0
2698,5.0
2699,4.0
2700,4.0
2701,5.0
2702,4.0
2703,4.0
2704,5.0
2705,4.0
2706,5.0
2707,5.0
2708,5.0
2709,5.0
2710,5.0
2711,4.0
2712,5.0
2713,4.0
2714,5.0
2715,5.0
2716,4.0
2717,5.0
2718,5.0
2719,5.0
2720,4.0
2721,5.0
2722,4.0
2723,4.0
2724,5.0
2725,4.0
2726,4.0
2727,4.0
2728,4.0
2729,5.0
2730,5.0
2731,4.0
2732,4.0
2733,5.0
2734,4.0
2735,5.0
2736,5.0
2737,4.0
2738,5.0
2739,5.0
2740,4.0
2741,5.0
2742,5.0
2743,5.0
2744,4.0
2745,5.0
2746,4.0
2747,5.0
2748,5.0
2749,4.0
2750,4.0
2751,4.0
2752,5.0
2753,4.0
2754,5.0
2755,5.0
2756,4.0
2757,4.0
2758,4.0
2759,4.0
2760,4.0
2761,4.0
2762,5.0
2763,4.0
2764,5.0
2765,5.0
2766,5.0
2767,4.0
2768,5.0
2769,4.0
2770,4.0
2771,4.0
2772,4.0
2773,4.0
2774,4.0
2775,4.0
2776,5.0
2777,5.0
2778,4.0
2779,4.0
2780,5.0
2781,4.0
2782,4.0
2783,5.0
2784,5.0
2785,4.0
2786,4.0
2787,5.0
2788,4.0
2789,4.0
2790,4.0
2791,4.0
2792,4.0
2793,4.0
2794,4.0
2795,5.0
2796,5.0
2797,5.0
2798,4.0
2799,5.0
2800,4.0
2801,4.0
2802,5.0
2803,5.0
2804,4.0
2805,4.0
2806,5.0
2807,4.0
2808,5.0
2809,4.0
2810,5.0
2811,5.0
2812,4.0
2813,4.0
2814,5.0
2815,4.0
2816,4.0
2817,5.0
2818,5.0
2819,5.0
2820,4.0
2821,5.0
2822,5.0
2823,4.0
2824,5.0
2825,4.0
2826,5.0
2827,5.0
2828,5.0
2829,4.0
2830,4.0
2831,5.0
2832,5.0
2833,4.0
2834,4.0
2835,4.0
2836,4.0
2837,4.0
2838,4.0
2839,5.0
2840,5.0
2841,5.0
2842,5.0
2843,4.0
2844,4.0
2845,4.0
2846,5.0
2847,4.0
2848,5.0
2849,4.0
2850,4.0
2851,5.0
2852,4.0
2853,4.0
2854,5.0
2855,4.0
2856,4.0
2857,4.0
2858,5.0
2859,5.0
2860,5.0
2861,5.0
2862,5.0
2863,5.0
2864,4.0
2865,4.0
2866,4.0
2867,4.0
2868,5.0
2869,5.0
2870,5.0
2871,4.0
2872,4.0
2873,4.0
2874,4.0
2875,4.0
2876,5.0
2877,5.0
2878,5.0
2879,5.0
2880,4.0
2881,4.0
2882,4.0
2883,4.0
2884,4.0
2885,5.0
2886,4.0
2887,4.0
2888,4.0
2889,4.0
2890,4.0
2891,4.0
2892,4.0
2893,4.0
2894,5.0
2895,4.0
2896,4.0
2897,5.0
2898,5.0
2899,4.0
2900,5.0
2901,4.0
2902,4.0
2903,4.0
2904,5.0
2905,5.0
2906,5.0
2907,4.0
2908,5.0
2909,5.0
2910,4.0
2911,4.0
2912,5.0
2913,4.0
2914,4.0
2915,5.0
2916,4.0
2917,5.0
2918,4.0
2919,4.0
2920,4.0
2921,5.0
2922,4.0
2923,5.0
2924,5.0
2925,4.0
2926,5.0
2927,4.0
2928,5.0
2929,5.0
2930,5.0
2931,4.0
2932,5.0
2933,4.0
2934,4.0
2935,4.0
2936,5.0
2937,5.0
2938,4.0
2939,4.0
2940,5.0
2941,5.0
2942,4.0
2943,4.0
2944,4.0
2945,4.0
2946,5.0
2947,5.0
2948,4.0
2949,6.0
2950,4.0
2951,4.0
2952,4.0
2953,4.0
2954,5.0
2955,4.0
2956,5.0
2957,5.0
2958,5.0
2959,5.0
2960,5.0
2961,4.0
2962,4.0
2963,4.0
2964,4.0
2965,5.0
2966,5.0
2967,4.0
2968,5.0
2969,5.0
2970,4.0
2971,4.0
2972,5.0
2973,4.0
2974,5.0
2975,5.0
2976,5.0
2977,4.0
2978,5.0
2979,4.0
2980,4.0
2981,5.0
2982,5.0
2983,6.0
2984,5.0
2985,4.0
2986,4.0
2987,5.0
2988,3.0
2989,5.0
2990,5.0
2991,4.0
2992,5.0
2993,4.0
2994,4.0
2995,5.0
2996,4.0
2997,5.0
2998,4.0
2999,4.0
3000,4.0
3001,5.0
3002,4.0
3003,4.0
3004,5.0
3005,4.0
3006,5.0
3007,5.0
3008,5.0
3009,5.0
3010,5.0
3011,5.0
3012,5.0
3013,4.0
3014,4.0
3015,4.0
3016,4.0
3017,5.0
3018,5.0
3019,4.0
3020,4.0
3021,5.0
3022,4.0
3023,4.0
3024,4.0
3025,4.0
3026,5.0
3027,4.0
3028,4.0
3029,4.0
3030,5.0
3031,4.0
3032,5.0
3033,4.0
3034,4.0
3035,5.0
3036,5.0
3037,5.0
3038,5.0
3039,4.0
3040,5.0
3041,5.0
3042,4.0
3043,4.0
3044,4.0
3045,5.0
3046,4.0
3047,5.0
3048,4.0
3049,5.0
3050,5.0
3051,4.0
3052,4.0
3053,5.0
3054,5.0
3055,5.0
3056,5.0
3057,5.0
3058,5.0
3059,4.0
3060,4.0
3061,5.0
3062,4.0
3063,4.0
3064,4.0
3065,5.0
3066,5.0
3067,4.0
3068,4.0
3069,4.0
3070,5.0
3071,5.0
3072,4.0
3073,4.0
3074,4.0
3075,5.0
3076,5.0
3077,4.0
3078,5.0
3079,4.0
3080,4.0
3081,5.0
3082,5.0
3083,5.0
3084,5.0
3085,4.0
3086,5.0
3087,4.0
3088,4.0
3089,5.0
3090,5.0
3091,4.0
3092,5.0
3093,5.0
3094,4.0
3095,5.0
3096,4.0
3097,5.0
3098,4.0
3099,4.0
3100,5.0
3101,4.0
3102,4.0
3103,5.0
3104,5.0
3105,4.0
3106,5.0
3107,5.0
3108,4.0
3109,4.0
3110,5.0
3111,4.0
3112,5.0
3113,4.0
3114,4.0
3115,4.0
3116,5.0
3117,4.0
3118,4.0
3119,4.0
3120,4.0
3121,4.0
3122,5.0
3123,5.0
3124,5.0
3125,5.0
3126,5.0
3127,5.0
3128,4.0
3129,4.0
3130,5.0
3131,5.0
3132,5.0
3133,5.0
3134,5.0
3135,5.0
3136,5.0
3137,4.0
3138,4.0
3139,4.0
3140,4.0
3141,4.0
3142,5.0
3143,4.0
3144,5.0
3145,4.0
3146,4.0
3147,5.0
3148,4.0
3149,5.0
3150,5.0
3151,5.0
3152,4.0
3153,5.0
3154,4.0
3155,5.0
3156,4.0
3157,5.0
3158,5.0
3159,4.0
3160,4.0
3161,4.0
3162,4.0
3163,5.0
3164,5.0
3165,5.0
3166,4.0
3167,4.0
3168,5.0
3169,5.0
3170,4.0
3171,4.0
3172,5.0
3173,5.0
3174,4.0
3175,4.0
3176,4.0
3177,4.0
3178,4.0
3179,4.0
3180,5.0
3181,5.0
3182,4.0
3183,4.0
3184,4.0
3185,4.0
3186,5.0
3187,4.0
3188,5.0
3189,4.0
3190,5.0
3191,4.0
3192,5.0
3193,4.0
3194,5.0
3195,5.0
3196,5.0
3197,5.0
3198,4.0
3199,5.0
3200,4.0
3201,5.0
3202,5.0
3203,5.0
3204,4.0
3205,5.0
3206,5.0
3207,5.0
3208,5.0
3209,4.0
3210,4.0
3211,4.0
3212,4.0
3213,4.0
3214,5.0
3215,5.0
3216,5.0
3217,4.0
3218,5.0
3219,5.0
3220,5.0
3221,5.0
3222,5.0
3223,4.0
3224,4.0
3225,4.0
3226,5.0
3227,4.0
3228,4.0
3229,4.0
3230,5.0
3231,4.0
3232,5.0
3233,4.0
3234,5.0
3235,5.0
3236,5.0
3237,5.0
3238,5.0
3239,4.0
3240,4.0
3241,5.0
3242,4.0
3243,5.0
3244,5.0
3245,5.0
3246,4.0
3247,5.0
3248,5.0
3249,4.0
3250,5.0
3251,5.0
3252,5.0
3253,4.0
3254,4.0
3255,5.0
3256,4.0
3257,4.0
3258,5.0
3259,5.0
3260,4.0
3261,5.0
3262,4.0
3263,4.0
3264,4.0
3265,4.0
3266,5.0
3267,4.0
3268,4.0
3269,5.0
3270,4.0
3271,4.0
3272,5.0
3273,4.0
3274,4.0
3275,4.0
3276,5.0
3277,5.0
3278,4.0
3279,5.0
3280,5.0
3281,5.0
3282,4.0
3283,5.0
3284,4.0
3285,5.0
3286,4.0
3287,4.0
3288,5.0
3289,4.0
3290,4.0
3291,4.0
3292,4.0
3293,4.0
3294,5.0
3295,5.0
3296,4.0
3297,5.0
3298,4.0
3299,4.0
3300,4.0
3301,4.0
3302,4.0
3303,5.0
3304,4.0
3305,5.0
3306,4.0
3307,5.0
3308,4.0
3309,5.0
3310,5.0
3311,4.0
3312,5.0
3313,5.0
3314,4.0
3315,4.0
3316,5.0
3317,4.0
3318,4.0
3319,4.0
3320,5.0
3321,4.0
3322,4.0
3323,4.0
3324,4.0
3325,5.0
3326,4.0
3327,5.0
3328,5.0
3329,4.0
3330,5.0
3331,5.0
3332,5.0
3333,4.0
3334,4.0
3335,4.0
3336,4.0
3337,5.0
3338,5.0
3339,4.0
3340,5.0
3341,4.0
3342,4.0
3343,4.0
3344,5.0
3345,4.0
3346,5.0
3347,4.0
3348,5.0
3349,5.0
3350,4.0
3351,5.0
3352,4.0
3353,5.0
3354,4.0
3355,5.0
3356,4.0
3357,4.0
3358,4.0
3359,5.0
3360,5.0
3361,5.0
3362,4.0
3363,4.0
3364,5.0
3365,4.0
3366,5.0
3367,5.0
3368,5.0
3369,4.0
3370,4.0
3371,4.0
3372,4.0
3373,5.0
3374,4.0
3375,5.0
3376,5.0
3377,5.0
3378,5.0
3379,4.0
3380,5.0
3381,5.0
3382,4.0
3383,5.0
3384,5.0
3385,4.0
3386,4.0
3387,4.0
3388,4.0
3389,5.0
3390,5.0
3391,5.0
3392,5.0
3393,4.0
3394,5.0
3395,5.0
3396,5.0
3397,5.0
3398,4.0
3399,5.0
3400,4.0
3401,4.0
3402,5.0
3403,4.0
3404,5.0
3405,4.0
3406,4.0
3407,5.0
3408,5.0
3409,5.0
3410,5.0
3411,5.0
3412,5.0
3413,4.0
3414,5.0
3415,4.0
3416,5.0
3417,4.0
3418,4.0
3419,4.0
3420,4.0
3421,4.0
3422,5.0
3423,5.0
3424,4.0
3425,5.0
3426,4.0
3427,5.0
3428,4.0
3429,4.0
3430,5.0
3431,4.0
3432,4.0
3433,4.0
3434,4.0
3435,4.0
3436,5.0
3437,5.0
3438,5.0
3439,5.0
3440,4.0
3441,4.0
3442,5.0
3443,4.0
3444,4.0
3445,5.0
3446,4.0
3447,4.0
3448,4.0
3449,4.0
3450,5.0
3451,5.0
3452,5.0
3453,5.0
3454,4.0
3455,5.0
3456,4.0
3457,5.0
3458,4.0
3459,5.0
3460,4.0
3461,6.0
3462,5.0
3463,5.0
3464,4.0
3465,4.0
3466,4.0
3467,4.0
3468,4.0
3469,5.0
3470,4.0
3471,4.0
3472,4.0
3473,5.0
3474,5.0
3475,4.0
3476,4.0
3477,5.0
3478,4.0
3479,4.0
3480,5.0
3481,4.0
3482,5.0
3483,5.0
3484,5.0
3485,5.0
3486,4.0
3487,5.0
3488,5.0
3489,5.0
3490,4.0
3491,5.0
3492,4.0
3493,4.0
3494,5.0
3495,5.0
3496,4.0
3497,4.0
3498,4.0
3499,5.0
3500,4.0
3501,5.0
3502,4.0
3503,5.0
3504,5.0
3505,4.0
3506,4.0
3507,5.0
3508,4.0
3509,5.0
3510,4.0
3511,4.0
3512,5.0
3513,4.0
3514,5.0
3515,4.0
3516,4.0
3517,5.0
3518,4.0
3519,4.0
3520,5.0
3521,4.0
3522,5.0
3523,4.0
3524,4.0
3525,4.0
3526,5.0
3527,5.0
3528,5.0
3529,5.0
3530,4.0
3531,5.0
3532,5.0
3533,5.0
3534,5.0
3535,5.0
3536,5.0
3537,5.0
3538,5.0
3539,5.0
3540,5.0
3541,4.0
3542,4.0
3543,4.0
3544,5.0
3545,5.0
3546,5.0
3547,5.0
3548,5.0
3549,5.0
3550,4.0
3551,4.0
3552,4.0
3553,4.0
3554,4.0
3555,4.0
3556,4.0
3557,4.0
3558,5.0
3559,4.0
3560,4.0
3561,4.0
3562,4.0
3563,4.0
3564,4.0
3565,5.0
3566,4.0
3567,5.0
3568,5.0
3569,5.0
3570,4.0
3571,4.0
3572,5.0
3573,5.0
3574,5.0
3575,4.0
3576,4.0
3577,5.0
3578,5.0
3579,5.0
3580,4.0
3581,5.0
3582,5.0
3583,5.0
3584,4.0
3585,5.0
3586,5.0
3587,5.0
3588,5.0
3589,5.0
3590,4.0
3591,4.0
3592,5.0
3593,5.0
3594,5.0
3595,5.0
3596,4.0
3597,5.0
3598,5.0
3599,4.0
3600,4.0
3601,5.0
3602,5.0
3603,4.0
3604,5.0
3605,5.0
3606,4.0
3607,5.0
3608,5.0
3609,4.0
3610,5.0
3611,5.0
3612,4.0
3613,4.0
3614,5.0
3615,5.0
3616,5.0
3617,5.0
3618,5.0
3619,5.0
3620,5.0
3621,5.0
3622,4.0
3623,5.0
3624,4.0
3625,5.0
3626,5.0
3627,5.0
3628,4.0
3629,4.0
3630,4.0
3631,5.0
3632,5.0
3633,4.0
3634,5.0
3635,5.0
3636,4.0
3637,4.0
3638,4.0
3639,4.0
3640,4.0
3641,4.0
3642,5.0
3643,5.0
3644,4.0
3645,5.0
3646,4.0
3647,4.0
3648,4.0
3649,5.0
3650,4.0
3651,4.0
3652,4.0
3653,5.0
3654,5.0
3655,4.0
3656,4.0
3657,5.0
3658,6.0
3659,5.0
3660,5.0
3661,5.0
3662,5.0
3663,4.0
3664,5.0
3665,4.0
3666,5.0
3667,4.0
3668,5.0
3669,5.0
3670,5.0
3671,5.0
3672,5.0
3673,4.0
3674,4.0
3675,5.0
3676,5.0
3677,5.0
3678,4.0
3679,4.0
3680,5.0
3681,5.0
3682,5.0
3683,5.0
3684,4.0
3685,4.0
3686,5.0
3687,4.0
3688,5.0
3689,4.0
3690,4.0
3691,4.0
3692,4.0
3693,4.0
3694,5.0
3695,5.0
3696,4.0
3697,4.0
3698,4.0
3699,4.0
3700,5.0
3701,5.0
3702,4.0
3703,5.0
3704,4.0
3705,5.0
3706,4.0
3707,5.0
3708,4.0
3709,5.0
3710,5.0
3711,5.0
3712,5.0
3713,4.0
3714,4.0
3715,4.0
3716,5.0
3717,4.0
3718,5.0
3719,5.0
3720,4.0
3721,5.0
3722,4.0
3723,5.0
3724,5.0
3725,4.0
3726,5.0
3727,5.0
3728,4.0
3729,4.0
3730,5.0
3731,5.0
3732,4.0
3733,5.0
3734,5.0
3735,5.0
3736,5.0
3737,5.0
3738,4.0
3739,5.0
3740,5.0
3741,5.0
3742,5.0
3743,5.0
3744,4.0
3745,4.0
3746,4.0
3747,4.0
3748,4.0
3749,5.0
3750,5.0
3751,4.0
3752,4.0
3753,4.0
3754,5.0
3755,5.0
3756,4.0
3757,5.0
3758,4.0
3759,4.0
3760,4.0
3761,4.0
3762,5.0
3763,5.0
3764,4.0
3765,4.0
3766,4.0
3767,5.0
3768,5.0
3769,5.0
3770,5.0
3771,5.0
3772,5.0
3773,5.0
3774,5.0
3775,4.0
3776,4.0
3777,5.0
3778,4.0
3779,5.0
3780,4.0
3781,4.0
3782,5.0
3783,5.0
3784,4.0
3785,4.0
3786,5.0
3787,5.0
3788,4.0
3789,5.0
3790,5.0
3791,5.0
3792,4.0
3793,5.0
3794,4.0
3795,4.0
3796,4.0
3797,4.0
3798,5.0
3799,4.0
3800,5.0
3801,4.0
3802,4.0
3803,5.0
3804,5.0
3805,5.0
3806,5.0
3807,5.0
3808,4.0
3809,5.0
3810,4.0
3811,4.0
3812,4.0
3813,5.0
3814,4.0
3815,5.0
3816,4.0
3817,4.0
3818,5.0
3819,4.0
3820,5.0
3821,4.0
3822,5.0
3823,4.0
3824,4.0
3825,4.0
3826,5.0
3827,4.0
3828,5.0
3829,5.0
3830,5.0
3831,5.0
3832,4.0
3833,5.0
3834,5.0
3835,4.0
3836,5.0
3837,5.0
3838,5.0
3839,4.0
3840,4.0
3841,4.0
3842,5.0
3843,4.0
3844,4.0
3845,5.0
3846,5.0
3847,5.0
3848,4.0
3849,5.0
3850,5.0
3851,4.0
3852,5.0
3853,5.0
3854,5.0
3855,5.0
3856,4.0
3857,5.0
3858,5.0
3859,4.0
3860,4.0
3861,4.0
3862,4.0
3863,4.0
3864,4.0
3865,5.0
3866,5.0
3867,5.0
3868,4.0
3869,5.0
3870,4.0
3871,4.0
3872,4.0
3873,4.0
3874,5.0
3875,5.0
3876,4.0
3877,4.0
3878,5.0
3879,5.0
3880,5.0
3881,4.0
3882,4.0
3883,4.0
3884,5.0
3885,5.0
3886,4.0
3887,5.0
3888,5.0
3889,4.0
3890,4.0
3891,4.0
3892,5.0
3893,5.0
3894,4.0
3895,4.0
3896,4.0
3897,4.0
3898,5.0
3899,5.0
3900,4.0
3901,4.0
3902,5.0
3903,4.0
3904,5.0
3905,5.0
3906,5.0
3907,5.0
3908,5.0
3909,4.0
3910,5.0
3911,4.0
3912,5.0
3913,4.0
3914,5.0
3915,4.0
3916,4.0
3917,4.0
3918,5.0
3919,5.0
3920,5.0
3921,5.0
3922,4.0
3923,4.0
3924,5.0
3925,5.0
3926,5.0
3927,5.0
3928,4.0
3929,5.0
3930,5.0
3931,5.0
3932,4.0
3933,5.0
3934,5.0
3935,5.0
3936,5.0
3937,5.0
3938,4.0
3939,4.0
3940,4.0
3941,4.0
3942,4.0
3943,5.0
3944,5.0
3945,5.0
3946,4.0
3947,5.0
3948,4.0
3949,5.0
3950,4.0
3951,5.0
3952,4.0
3953,5.0
3954,5.0
3955,5.0
3956,5.0
3957,5.0
3958,5.0
3959,4.0
3960,4.0
3961,4.0
3962,4.0
3963,4.0
3964,4.0
3965,5.0
3966,4.0
3967,5.0
3968,5.0
3969,5.0
3970,4.0
3971,5.0
3972,4.0
3973,5.0
3974,5.0
3975,5.0
3976,5.0
3977,4.0
3978,5.0
3979,4.0
3980,5.0
3981,4.0
3982,4.0
3983,5.0
3984,5.0
3985,5.0
3986,4.0
3987,5.0
3988,5.0
3989,5.0
3990,5.0
3991,4.0
3992,4.0
3993,4.0
3994,4.0
3995,5.0
3996,5.0
3997,4.0
3998,5.0
3999,5.0
4000,4.0
4001,5.0
4002,4.0
4003,5.0
4004,5.0
4005,4.0
4006,4.0
4007,5.0
4008,5.0
4009,4.0
4010,4.0
4011,5.0
4012,5.0
4013,5.0
4014,4.0
4015,4.0
4016,4.0
4017,5.0
4018,4.0
4019,5.0
4020,4.0
4021,5.0
4022,5.0
4023,4.0
4024,5.0
4025,5.0
4026,4.0
4027,5.0
4028,5.0
4029,4.0
4030,5.0
4031,4.0
4032,4.0
4033,4.0
4034,5.0
4035,4.0
4036,4.0
4037,4.0
4038,5.0
4039,4.0
4040,3.0
4041,5.0
4042,5.0
4043,4.0
4044,4.0
4045,5.0
4046,5.0
4047,4.0
4048,4.0
4049,4.0
4050,4.0
4051,4.0
4052,5.0
4053,5.0
4054,4.0
4055,5.0
4056,4.0
4057,5.0
4058,5.0
4059,4.0
4060,4.0
4061,4.0
4062,4.0
4063,5.0
4064,5.0
4065,5.0
4066,5.0
4067,4.0
4068,5.0
4069,5.0
4070,5.0
4071,4.0
4072,5.0
4073,5.0
4074,5.0
4075,5.0
4076,4.0
4077,4.0
4078,4.0
4079,4.0
4080,5.0
4081,4.0
4082,5.0
4083,5.0
4084,6.0
4085,4.0
4086,5.0
4087,5.0
4088,5.0
4089,4.0
4090,5.0
4091,4.0
4092,4.0
4093,4.0
4094,5.0
4095,4.0
4096,5.0
4097,5.0
4098,5.0
4099,4.0
4100,4.0
4101,5.0
4102,4.0
4103,4.0
4104,5.0
4105,5.0
4106,5.0
4107,5.0
4108,4.0
4109,5.0
4110,5.0
4111,4.0
4112,5.0
4113,4.0
4114,4.0
4115,4.0
4116,5.0
4117,4.0
4118,5.0
4119,5.0
4120,5.0
4121,5.0
4122,5.0
4123,5.0
4124,5.0
4125,5.0
4126,4.0
4127,4.0
4128,5.0
4129,5.0
4130,4.0
4131,4.0
4132,4.0
4133,4.0
4134,5.0
4135,4.0
4136,5.0
4137,4.0
4138,5.0
4139,4.0
4140,4.0
4141,4.0
4142,5.0
4143,4.0
4144,4.0
4145,5.0
4146,5.0
4147,5.0
4148,5.0
4149,4.0
4150,4.0
4151,5.0
4152,5.0
4153,5.0
4154,5.0
4155,4.0
4156,5.0
4157,4.0
4158,4.0
4159,4.0
4160,5.0
4161,5.0
4162,4.0
4163,5.0
4164,5.0
4165,4.0
4166,4.0
4167,4.0
4168,5.0
4169,4.0
4170,5.0
4171,4.0
4172,5.0
4173,4.0
4174,4.0
4175,5.0
4176,5.0
4177,4.0
4178,5.0
4179,5.0
4180,4.0
4181,4.0
4182,4.0
4183,5.0
4184,5.0
4185,4.0
4186,4.0
4187,5.0
4188,4.0
4189,4.0
4190,5.0
4191,5.0
4192,4.0
4193,5.0
4194,4.0
4195,4.0
4196,5.0
4197,5.0
4198,4.0
4199,5.0
4200,4.0
4201,4.0
4202,4.0
4203,6.0
4204,5.0
4205,5.0
4206,4.0
4207,5.0
4208,5.0
4209,4.0
4210,5.0
4211,4.0
4212,4.0
4213,4.0
4214,5.0
4215,4.0
4216,4.0
4217,4.0
4218,5.0
4219,4.0
4220,5.0
4221,4.0
4222,4.0
4223,4.0
4224,4.0
4225,5.0
4226,5.0
4227,5.0
4228,4.0
4229,5.0
4230,5.0
4231,5.0
4232,4.0
4233,5.0
4234,4.0
4235,4.0
4236,5.0
4237,5.0
4238,4.0
4239,4.0
4240,5.0
4241,4.0
4242,4.0
4243,5.0
4244,5.0
4245,5.0
4246,5.0
4247,4.0
4248,4.0
4249,5.0
4250,4.0
4251,4.0
4252,5.0
4253,5.0
4254,5.0
4255,4.0
4256,4.0
4257,4.0
4258,4.0
4259,4.0
4260,4.0
4261,5.0
4262,5.0
4263,4.0
4264,4.0
4265,5.0
4266,5.0
4267,6.0
4268,4.0
4269,5.0
4270,5.0
4271,4.0
4272,4.0
4273,5.0
4274,5.0
4275,5.0
4276,5.0
4277,5.0
4278,4.0
4279,4.0
4280,5.0
4281,5.0
4282,5.0
4283,4.0
4284,4.0
4285,5.0
4286,4.0
4287,4.0
4288,5.0
4289,4.0
4290,4.0
4291,5.0
4292,4.0
4293,4.0
4294,5.0
4295,4.0
4296,5.0
4297,5.0
4298,5.0
4299,4.0
4300,4.0
4301,5.0
4302,5.0
4303,4.0
4304,5.0
4305,5.0
4306,5.0
4307,4.0
4308,5.0
4309,5.0
4310,5.0
4311,4.0
4312,5.0
4313,4.0
4314,4.0
4315,5.0
4316,5.0
4317,5.0
4318,4.0
4319,4.0
4320,4.0
4321,4.0
4322,4.0
4323,5.0
4324,5.0
4325,4.0
4326,5.0
4327,5.0
4328,5.0
4329,5.0
4330,4.0
4331,4.0
4332,4.0
4333,4.0
4334,5.0
4335,5.0
4336,4.0
4337,5.0
4338,5.0
4339,4.0
4340,4.0
4341,6.0
4342,4.0
4343,4.0
4344,4.0
4345,5.0
4346,4.0
4347,5.0
4348,5.0
4349,5.0
4350,5.0
4351,5.0
4352,5.0
4353,4.0
4354,4.0
4355,5.0
4356,5.0
4357,4.0
4358,5.0
4359,5.0
4360,4.0
4361,4.0
4362,5.0
4363,4.0
4364,4.0
4365,4.0
4366,4.0
4367,4.0
4368,5.0
4369,4.0
4370,5.0
4371,5.0
4372,5.0
4373,5.0
4374,4.0
4375,4.0
4376,5.0
4377,5.0
4378,5.0
4379,4.0
4380,4.0
4381,4.0
4382,5.0
4383,4.0
4384,5.0
4385,5.0
4386,4.0
4387,5.0
4388,5.0
4389,4.0
4390,5.0
4391,5.0
4392,4.0
4393,4.0
4394,5.0
4395,5.0
4396,5.0
4397,5.0
4398,5.0
4399,5.0
4400,4.0
4401,5.0
4402,4.0
4403,4.0
4404,4.0
4405,5.0
4406,5.0
4407,5.0
4408,5.0
4409,5.0
4410,4.0
4411,4.0
4412,4.0
4413,4.0
4414,5.0
4415,5.0
4416,5.0
4417,5.0
4418,5.0
4419,5.0
4420,5.0
4421,5.0
4422,5.0
4423,4.0
4424,5.0
4425,4.0
4426,5.0
4427,5.0
4428,5.0
4429,4.0
4430,4.0
4431,4.0
4432,4.0
4433,4.0
4434,4.0
4435,4.0
4436,5.0
4437,5.0
4438,4.0
4439,4.0
4440,4.0
4441,4.0
4442,5.0
4443,5.0
4444,4.0
4445,5.0
4446,4.0
4447,5.0
4448,4.0
4449,5.0
4450,4.0
4451,5.0
4452,5.0
4453,4.0
4454,4.0
4455,4.0
4456,4.0
4457,4.0
4458,4.0
4459,4.0
4460,5.0
4461,4.0
4462,5.0
4463,4.0
4464,5.0
4465,5.0
4466,4.0
4467,5.0
4468,5.0
4469,5.0
4470,5.0
4471,5.0
4472,4.0
4473,5.0
4474,5.0
4475,4.0
4476,4.0
4477,5.0
4478,5.0
4479,4.0
4480,5.0
4481,5.0
4482,5.0
4483,5.0
4484,5.0
4485,5.0
4486,4.0
4487,4.0
4488,5.0
4489,5.0
4490,4.0
4491,5.0
4492,4.0
4493,4.0
4494,5.0
4495,5.0
4496,5.0
4497,4.0
4498,4.0
4499,5.0
4500,5.0
4501,4.0
4502,5.0
4503,4.0
4504,4.0
4505,4.0
4506,5.0
4507,5.0
4508,4.0
4509,5.0
4510,4.0
4511,5.0
4512,5.0
4513,4.0
4514,5.0
4515,5.0
4516,5.0
4517,5.0
4518,5.0
4519,5.0
4520,5.0
4521,5.0
4522,5.0
4523,5.0
4524,4.0
4525,4.0
4526,5.0
4527,5.0
4528,5.0
4529,5.0
4530,4.0
4531,5.0
4532,5.0
4533,4.0
4534,4.0
4535,5.0
4536,4.0
4537,4.0
4538,5.0
4539,5.0
4540,5.0
4541,5.0
4542,5.0
4543,4.0
4544,5.0
4545,4.0
4546,5.0
4547,5.0
4548,5.0
4549,5.0
4550,4.0
4551,5.0
4552,5.0
4553,5.0
4554,5.0
4555,4.0
4556,5.0
4557,4.0
4558,5.0
4559,5.0
4560,4.0
4561,5.0
4562,4.0
4563,4.0
4564,5.0
4565,4.0
4566,4.0
4567,5.0
4568,5.0
4569,5.0
4570,5.0
4571,4.0
4572,5.0
4573,5.0
4574,5.0
4575,4.0
4576,4.0
4577,4.0
4578,5.0
4579,5.0
4580,5.0
4581,5.0
4582,5.0
4583,4.0
4584,5.0
4585,5.0
4586,4.0
4587,5.0
4588,5.0
4589,5.0
4590,4.0
4591,4.0
4592,4.0
4593,4.0
4594,4.0
4595,4.0
4596,4.0
4597,5.0
4598,4.0
4599,4.0
4600,4.0
4601,4.0
4602,4.0
4603,5.0
4604,4.0
4605,5.0
4606,5.0
4607,4.0
4608,4.0
4609,4.0
4610,4.0
4611,4.0
4612,5.0
4613,4.0
4614,4.0
4615,4.0
4616,4.0
4617,5.0
4618,4.0
4619,4.0
4620,5.0
4621,4.0
4622,4.0
4623,4.0
4624,5.0
4625,5.0
4626,5.0
4627,5.0
4628,5.0
4629,4.0
4630,4.0
4631,4.0
4632,4.0
4633,5.0
4634,4.0
4635,5.0
4636,5.0
4637,4.0
4638,5.0
4639,4.0
4640,4.0
4641,5.0
4642,5.0
4643,5.0
4644,4.0
4645,4.0
4646,4.0
4647,4.0
4648,6.0
4649,4.0
4650,5.0
4651,5.0
4652,4.0
4653,4.0
4654,4.0
4655,5.0
4656,4.0
4657,4.0
4658,4.0
4659,5.0
4660,4.0
4661,4.0
4662,4.0
4663,5.0
4664,5.0
4665,5.0
4666,5.0
4667,5.0
4668,5.0
4669,4.0
4670,4.0
4671,5.0
4672,4.0
4673,5.0
4674,5.0
4675,5.0
4676,4.0
4677,4.0
4678,4.0
4679,4.0
4680,4.0
4681,4.0
4682,4.0
4683,4.0
4684,5.0
4685,5.0
4686,4.0
4687,5.0
4688,5.0
4689,4.0
4690,5.0
4691,4.0
4692,5.0
4693,4.0
4694,5.0
4695,5.0
4696,5.0
4697,4.0
4698,5.0
4699,5.0
4700,5.0
4701,4.0
4702,4.0
4703,5.0
4704,4.0
4705,4.0
4706,4.0
4707,4.0
4708,5.0
4709,4.0
4710,5.0
4711,5.0
4712,4.0
4713,5.0
4714,4.0
4715,4.0
4716,5.0
4717,4.0
4718,5.0
4719,5.0
4720,4.0
4721,4.0
4722,5.0
4723,5.0
4724,4.0
4725,5.0
4726,5.0
4727,5.0
4728,4.0
4729,5.0
4730,4.0
4731,4.0
4732,5.0
4733,4.0
4734,5.0
4735,4.0
4736,4.0
4737,5.0
4738,4.0
4739,5.0
4740,4.0
4741,5.0
4742,5.0
4743,5.0
4744,5.0
4745,5.0
4746,5.0
4747,5.0
4748,4.0
4749,5.0
4750,4.0
4751,5.0
4752,5.0
4753,4.0
4754,4.0
4755,5.0
4756,4.0
4757,4.0
4758,5.0
4759,5.0
4760,5.0
4761,5.0
4762,5.0
4763,5.0
4764,5.0
4765,5.0
4766,4.0
4767,4.0
4768,4.0
4769,5.0
4770,5.0
4771,5.0
4772,5.0
4773,4.0
4774,5.0
4775,5.0
4776,4.0
4777,4.0
4778,4.0
4779,4.0
4780,5.0
4781,5.0
4782,4.0
4783,4.0
4784,5.0
4785,4.0
4786,4.0
4787,5.0
4788,5.0
4789,4.0
4790,5.0
4791,4.0
4792,5.0
4793,5.0
4794,4.0
4795,4.0
4796,4.0
4797,4.0
4798,5.0
4799,4.0
4800,5.0
4801,5.0
4802,4.0
4803,5.0
4804,5.0
4805,4.0
4806,5.0
4807,4.0
4808,4.0
4809,5.0
4810,4.0
4811,4.0
4812,5.0
4813,5.0
4814,4.0
4815,4.0
4816,4.0
4817,4.0
4818,5.0
4819,4.0
4820,4.0
4821,4.0
4822,5.0
4823,4.0
4824,5.0
4825,4.0
4826,4.0
4827,5.0
4828,5.0
4829,4.0
4830,5.0
4831,5.0
4832,5.0
4833,4.0
4834,5.0
4835,5.0
4836,4.0
4837,5.0
4838,5.0
4839,5.0
4840,4.0
4841,4.0
4842,4.0
4843,4.0
4844,5.0
4845,5.0
4846,5.0
4847,5.0
4848,5.0
4849,5.0
4850,5.0
4851,5.0
4852,5.0
4853,5.0
4854,5.0
4855,5.0
4856,5.0
4857,4.0
4858,4.0
4859,5.0
4860,4.0
4861,5.0
4862,5.0
4863,4.0
4864,4.0
4865,5.0
4866,4.0
4867,5.0
4868,5.0
4869,4.0
4870,5.0
4871,5.0
4872,5.0
4873,5.0
4874,5.0
4875,5.0
4876,5.0
4877,5.0
4878,5.0
4879,4.0
4880,5.0
4881,5.0
4882,4.0
4883,5.0
4884,5.0
4885,4.0
4886,4.0
4887,5.0
4888,4.0
4889,5.0
4890,4.0
4891,4.0
4892,4.0
4893,5.0
4894,4.0
4895,5.0
4896,5.0
4897,4.0
4898,4.0
4899,4.0
4900,5.0
4901,4.0
4902,5.0
4903,5.0
4904,4.0
4905,4.0
4906,5.0
4907,4.0
4908,4.0
4909,4.0
4910,5.0
4911,4.0
4912,4.0
4913,4.0
4914,4.0
4915,5.0
4916,5.0
4917,4.0
4918,4.0
4919,4.0
4920,5.0
4921,5.0
4922,4.0
4923,5.0
4924,4.0
4925,5.0
4926,5.0
4927,4.0
4928,4.0
4929,5.0
4930,4.0
4931,4.0
4932,4.0
4933,4.0
4934,5.0
4935,5.0
4936,4.0
4937,5.0
4938,5.0
4939,5.0
4940,4.0
4941,4.0
4942,5.0
4943,4.0
4944,4.0
4945,4.0
4946,5.0
4947,4.0
4948,4.0
4949,5.0
4950,4.0
4951,5.0
4952,4.0
4953,4.0
4954,4.0
4955,4.0
4956,4.0
4957,5.0
4958,5.0
4959,4.0
4960,4.0
4961,4.0
4962,4.0
4963,4.0
4964,4.0
4965,4.0
4966,5.0
4967,4.0
4968,4.0
4969,5.0
4970,4.0
4971,4.0
4972,5.0
4973,5.0
4974,4.0
4975,5.0
4976,5.0
4977,4.0
4978,4.0
4979,5.0
4980,4.0
4981,5.0
4982,5.0
4983,4.0
4984,5.0
4985,5.0
4986,5.0
4987,5.0
4988,5.0
4989,4.0
4990,5.0
4991,4.0
4992,4.0
4993,4.0
4994,4.0
4995,5.0
4996,4.0
4997,5.0
4998,5.0
4999,4.0
