id,post_vaccine_proba
0,1583.5
1,1583.5
2,1583.5
3,1583.5
4,1583.5
5,1583.5
6,1583.5
7,1583.5
8,1583.5
9,1583.5
10,1583.5
11,3093.0
12,3093.0
13,3093.0
14,3093.0
15,1583.5
16,3093.0
17,1583.5
18,1583.5
19,1583.5
20,1583.5
21,1583.5
22,1583.5
23,1583.5
24,1583.5
25,255.5
26,1583.5
27,3093.0
28,1583.5
29,3093.0
30,3093.0
31,3093.0
32,1583.5
33,1583.5
34,1583.5
35,1583.5
36,1583.5
38,1583.5
39,1583.5
40,1583.5
41,1583.5
42,1583.5
43,1583.5
44,1583.5
45,1583.5
46,1583.5
47,1583.5
48,3093.0
49,3093.0
50,1583.5
51,3093.0
52,1583.5
53,1583.5
54,1583.5
55,1583.5
56,1583.5
57,1583.5
58,1583.5
59,3093.0
60,1583.5
61,1583.5
62,1583.5
63,1583.5
64,3093.0
65,3093.0
66,3093.0
67,3093.0
68,3093.0
69,3093.0
70,3093.0
71,3093.0
72,1583.5
73,1583.5
74,1583.5
75,1583.5
76,1583.5
77,3093.0
78,1583.5
79,1583.5
80,1583.5
81,1583.5
82,1583.5
83,1583.5
84,1583.5
85,1583.5
86,1583.5
87,1583.5
88,1583.5
89,1583.5
90,1583.5
91,1583.5
92,3093.0
93,1583.5
94,3093.0
95,3093.0
96,1583.5
97,1583.5
98,1583.5
99,1583.5
100,1583.5
101,1583.5
102,1583.5
103,1583.5
104,1583.5
105,1583.5
106,1583.5
107,3093.0
108,1583.5
109,1583.5
110,445.0
111,1583.5
112,3093.0
113,3831.5
114,3831.5
115,3093.0
116,1583.5
117,4215.5
118,1583.5
119,3093.0
120,1583.5
121,1583.5
122,1583.5
123,1583.5
124,3093.0
126,3093.0
128,3093.0
130,4215.5
131,1583.5
132,1583.5
133,3093.0
134,3093.0
136,1583.5
137,1583.5
138,1583.5
139,1583.5
140,1583.5
141,1583.5
142,1583.5
143,1583.5
144,1583.5
145,1583.5
146,1583.5
147,1583.5
148,3093.0
149,1583.5
150,1583.5
152,1583.5
153,1583.5
154,1583.5
155,1583.5
156,3093.0
157,3093.0
158,3093.0
159,1583.5
160,1583.5
161,1583.5
162,1583.5
163,1583.5
164,3093.0
165,1583.5
166,1583.5
167,1583.5
168,1583.5
169,1583.5
170,1583.5
171,1583.5
172,3093.0
173,1583.5
174,3093.0
175,1583.5
176,1583.5
177,1583.5
178,1583.5
179,1583.5
180,1583.5
181,1583.5
182,1583.5
183,1583.5
184,1583.5
185,3093.0
186,445.0
187,1583.5
188,1583.5
189,1583.5
190,1583.5
192,1583.5
193,3093.0
194,3093.0
195,1583.5
196,3093.0
197,3093.0
199,1583.5
200,1583.5
201,1583.5
202,4215.5
203,3093.0
204,3093.0
205,3093.0
206,3093.0
207,3093.0
208,1583.5
209,1583.5
210,1583.5
211,255.5
213,1583.5
214,1583.5
215,1583.5
216,1583.5
217,3093.0
218,1583.5
219,1583.5
220,1583.5
222,3093.0
223,3093.0
224,1583.5
225,3093.0
226,3093.0
227,1583.5
228,1583.5
229,1583.5
230,1583.5
232,3093.0
233,3093.0
234,3093.0
235,1583.5
236,3093.0
237,3093.0
238,3093.0
239,3093.0
240,1583.5
241,1583.5
242,1583.5
243,1583.5
244,1583.5
245,3093.0
246,3093.0
247,3093.0
248,4415.0
249,4215.5
250,4215.5
251,4415.0
252,3093.0
253,1583.5
254,1583.5
255,3093.0
256,1583.5
257,1583.5
258,1583.5
259,1583.5
260,3093.0
261,1583.5
262,3093.0
263,1583.5
264,1583.5
265,255.5
266,1583.5
267,255.5
268,1583.5
269,1583.5
270,1583.5
271,1583.5
272,3093.0
273,3093.0
276,3093.0
278,3093.0
279,3093.0
280,1583.5
283,1583.5
284,1583.5
285,1583.5
286,1583.5
287,1583.5
288,1583.5
289,1583.5
290,1583.5
291,1583.5
292,1583.5
293,1583.5
294,1583.5
295,1583.5
296,3093.0
297,3093.0
298,3093.0
299,3093.0
300,1583.5
301,1583.5
302,1583.5
303,3093.0
305,1583.5
306,1583.5
307,1583.5
308,1583.5
309,1583.5
310,3093.0
311,1583.5
312,1583.5
313,445.0
314,1583.5
315,58.5
316,1583.5
317,1583.5
318,1583.5
319,1583.5
320,3093.0
323,4415.0
325,1583.5
327,1583.5
328,1583.5
329,1583.5
330,1583.5
331,1583.5
332,3093.0
333,3093.0
334,1583.5
335,3093.0
336,1583.5
337,1583.5
338,1583.5
339,1583.5
340,1583.5
341,1583.5
342,1583.5
343,1583.5
344,3093.0
345,1583.5
346,1583.5
347,3093.0
348,1583.5
349,1583.5
351,1583.5
352,1583.5
353,1583.5
355,1583.5
358,1583.5
359,1583.5
360,1583.5
361,1583.5
362,1583.5
363,1583.5
364,3093.0
365,2468.0
366,3093.0
367,1583.5
368,445.0
369,1583.5
370,1583.5
371,1583.5
372,1583.5
373,1583.5
374,1583.5
376,255.5
377,671.5
378,255.5
379,255.5
381,4026.5
382,1583.5
383,1583.5
384,1583.5
385,3093.0
387,3831.5
388,555.0
389,1583.5
390,1583.5
391,1583.5
392,1583.5
393,1583.5
396,1583.5
397,1583.5
398,1583.5
399,1583.5
401,1583.5
402,3093.0
403,1583.5
404,1583.5
406,3093.0
407,1583.5
408,1583.5
409,3093.0
410,1583.5
411,1583.5
412,3093.0
413,1583.5
414,1583.5
415,1583.5
416,1583.5
417,3093.0
418,1583.5
419,1583.5
420,1583.5
421,1583.5
422,1583.5
423,1583.5
424,1583.5
425,1583.5
426,1583.5
427,1583.5
428,3093.0
429,3093.0
430,1583.5
432,3093.0
433,1583.5
434,1583.5
435,1583.5
436,1583.5
437,1583.5
438,1583.5
439,1583.5
440,1583.5
441,1583.5
442,1583.5
445,1583.5
446,1583.5
447,1583.5
448,1583.5
449,3093.0
450,3093.0
451,3093.0
452,1583.5
453,3093.0
454,1583.5
456,3093.0
457,1583.5
458,3093.0
459,1583.5
460,1583.5
461,3093.0
462,4415.0
463,4215.5
464,1583.5
465,3093.0
466,1583.5
467,3093.0
468,1583.5
469,3093.0
470,671.5
471,1583.5
472,1583.5
473,1583.5
474,3831.5
475,1583.5
476,671.5
477,445.0
478,445.0
479,3093.0
480,4215.5
481,3093.0
483,3093.0
484,1583.5
486,3831.5
487,1583.5
488,1583.5
489,1583.5
490,1583.5
491,3093.0
492,1583.5
493,1583.5
494,255.5
495,1583.5
496,3093.0
497,1583.5
499,1583.5
500,1583.5
501,1583.5
502,1583.5
503,3093.0
504,1583.5
505,1583.5
506,1583.5
507,1583.5
508,1583.5
509,1583.5
510,1583.5
511,4026.5
512,3093.0
514,3093.0
516,3093.0
517,1583.5
518,445.0
520,1583.5
521,1583.5
522,1583.5
523,3093.0
524,1583.5
525,1583.5
526,1583.5
527,3093.0
529,3093.0
530,1583.5
531,1583.5
532,3093.0
534,1583.5
535,1583.5
536,1583.5
537,1583.5
538,1583.5
539,3093.0
540,1583.5
541,1583.5
542,1583.5
543,1583.5
544,1583.5
545,1583.5
546,3093.0
547,1583.5
548,3093.0
549,3093.0
550,1583.5
551,3093.0
552,1583.5
553,255.5
554,1583.5
555,3093.0
558,3093.0
560,1583.5
561,1583.5
562,4415.0
563,1583.5
564,1583.5
565,3093.0
566,1583.5
567,671.5
568,3093.0
569,3093.0
570,3093.0
571,1583.5
572,3093.0
573,1583.5
574,3093.0
575,445.0
576,1583.5
577,3093.0
578,1583.5
579,1583.5
580,4415.0
581,2468.0
582,1583.5
583,1583.5
584,1583.5
585,3093.0
586,3831.5
587,1583.5
589,1583.5
590,1583.5
592,1583.5
593,1583.5
594,255.5
595,1583.5
596,3093.0
597,555.0
598,1583.5
599,1583.5
600,4215.5
601,1583.5
602,1583.5
603,3093.0
604,1583.5
605,1583.5
606,1583.5
608,255.5
609,3093.0
610,1583.5
611,3093.0
612,3831.5
613,3093.0
614,3093.0
615,1583.5
616,1583.5
617,3093.0
618,1583.5
619,1583.5
620,1583.5
621,3093.0
622,1583.5
624,1583.5
626,1583.5
627,3093.0
628,3093.0
629,1583.5
630,3093.0
631,1583.5
632,1583.5
633,1583.5
634,1583.5
635,2468.0
636,3093.0
637,1583.5
638,4088.0
639,1583.5
641,1583.5
643,3093.0
644,1583.5
645,445.0
646,1583.5
647,1583.5
648,3093.0
649,445.0
650,1583.5
651,1583.5
652,1583.5
653,671.5
654,1583.5
655,1583.5
657,1583.5
658,3093.0
659,3093.0
660,1583.5
661,3093.0
662,4415.0
664,3093.0
665,3093.0
666,1583.5
668,3093.0
669,3093.0
670,1583.5
671,1583.5
672,3093.0
673,1583.5
674,3831.5
675,1583.5
676,671.5
677,3093.0
678,1583.5
679,3093.0
680,3093.0
681,3093.0
682,445.0
683,4215.5
684,1583.5
685,1583.5
686,3093.0
687,1583.5
688,3093.0
689,1583.5
690,1583.5
691,3093.0
692,1583.5
693,3093.0
694,255.5
695,1583.5
696,4415.0
697,1583.5
698,1583.5
700,3093.0
701,445.0
702,3093.0
703,3093.0
704,3093.0
705,1583.5
706,3093.0
707,3093.0
708,255.5
710,671.5
711,1583.5
712,1583.5
713,1583.5
714,1583.5
715,1583.5
716,3093.0
717,4215.5
718,3093.0
719,3093.0
720,1583.5
721,1583.5
725,1583.5
726,1583.5
727,1583.5
728,3093.0
729,1583.5
730,3093.0
731,1583.5
732,3093.0
733,1583.5
734,3093.0
735,4026.5
736,445.0
737,3093.0
738,4088.0
739,1583.5
740,1583.5
741,1583.5
742,1583.5
743,3093.0
744,1583.5
745,1583.5
746,1583.5
747,445.0
748,1583.5
749,3093.0
750,3093.0
751,1583.5
752,1583.5
753,671.5
754,1583.5
755,3093.0
756,1583.5
757,1583.5
759,3093.0
760,1583.5
762,4415.0
765,3093.0
766,3093.0
767,3093.0
768,3093.0
770,1583.5
771,1583.5
772,3093.0
773,255.5
774,1583.5
775,3093.0
776,1583.5
777,4415.0
778,1583.5
779,1583.5
780,4415.0
781,1583.5
784,1583.5
785,255.5
786,1583.5
787,1583.5
788,1583.5
789,1583.5
790,1583.5
791,3093.0
792,1583.5
793,445.0
795,1583.5
796,3831.5
797,671.5
798,1583.5
799,1583.5
800,1583.5
801,3093.0
802,445.0
803,3093.0
804,3093.0
806,1583.5
809,1583.5
810,255.5
811,1583.5
812,3093.0
813,1583.5
814,1583.5
815,1583.5
817,3093.0
818,1583.5
819,1583.5
820,3093.0
821,1583.5
822,1583.5
823,1583.5
825,1583.5
826,1583.5
827,255.5
828,3093.0
829,1583.5
830,1583.5
831,4026.5
832,3093.0
833,1583.5
834,1583.5
835,1583.5
836,1583.5
837,671.5
838,1583.5
840,1583.5
842,1583.5
843,1583.5
845,1583.5
846,3093.0
847,1583.5
848,3831.5
849,3093.0
850,1583.5
851,1583.5
852,1583.5
853,671.5
854,1583.5
855,1583.5
856,3093.0
857,3093.0
858,3093.0
859,1583.5
860,1583.5
861,1583.5
862,4415.0
863,4088.0
864,1583.5
865,1583.5
866,255.5
867,3093.0
868,1583.5
869,3093.0
871,1583.5
872,1583.5
873,1583.5
874,3093.0
876,1583.5
877,3093.0
878,1583.5
879,1583.5
880,4215.5
881,1583.5
882,445.0
883,1583.5
885,1583.5
886,3093.0
887,1583.5
888,3093.0
889,1583.5
890,3093.0
891,1583.5
892,1583.5
893,1583.5
894,58.5
895,1583.5
896,1583.5
897,1583.5
898,1583.5
899,1583.5
900,1583.5
901,1583.5
902,445.0
903,3093.0
904,1583.5
906,3093.0
907,3093.0
908,1583.5
909,1583.5
910,1583.5
911,1583.5
912,3093.0
913,1583.5
914,1583.5
917,3093.0
918,1583.5
919,3093.0
920,4215.5
921,58.5
923,3093.0
924,1583.5
925,445.0
926,445.0
927,1583.5
928,1583.5
929,3093.0
930,3093.0
931,3093.0
932,3093.0
933,1583.5
934,3831.5
935,3093.0
936,1583.5
937,3093.0
939,3093.0
940,1583.5
941,1583.5
942,1583.5
943,4415.0
944,590.5
945,3093.0
946,1583.5
947,1583.5
948,3093.0
949,445.0
950,4215.5
951,1583.5
952,671.5
953,3093.0
954,1583.5
955,3093.0
956,3093.0
958,1583.5
959,3093.0
960,1583.5
961,3093.0
962,1583.5
963,4215.5
964,1583.5
965,1583.5
967,3093.0
968,3093.0
969,3093.0
970,1583.5
971,1583.5
972,3093.0
973,1583.5
974,3831.5
975,3093.0
976,445.0
977,3093.0
978,58.5
979,3093.0
980,4415.0
982,1583.5
983,3093.0
984,1583.5
985,255.5
986,1583.5
987,3093.0
988,1583.5
989,445.0
990,1583.5
991,4415.0
992,1583.5
993,1583.5
994,2434.0
995,4026.5
996,1583.5
997,58.5
998,1583.5
999,1583.5
1000,3093.0
1001,1583.5
1002,1583.5
1003,445.0
1005,1583.5
1006,3093.0
1007,1583.5
1008,1583.5
1009,1583.5
1010,58.5
1011,1583.5
1012,3831.5
1013,1583.5
1014,3093.0
1015,1583.5
1016,1583.5
1017,3093.0
1018,3093.0
1019,1583.5
1020,1583.5
1021,1583.5
1022,1583.5
1023,3093.0
1024,1583.5
1025,1583.5
1027,3093.0
1028,1583.5
1029,1583.5
1030,3093.0
1032,1583.5
1033,1583.5
1035,1583.5
1036,1583.5
1037,3093.0
1038,3093.0
1039,671.5
1040,1583.5
1041,3093.0
1042,3093.0
1044,1583.5
1045,1583.5
1046,3093.0
1047,1583.5
1048,3093.0
1050,4026.5
1051,4215.5
1052,1583.5
1053,3093.0
1054,590.5
1055,3093.0
1056,1583.5
1057,1583.5
1058,3831.5
1059,1583.5
1060,1583.5
1061,3093.0
1062,4415.0
1063,4026.5
1064,3093.0
1065,3093.0
1066,3093.0
1067,3831.5
1068,3093.0
1069,255.5
1070,1583.5
1071,1583.5
1072,1583.5
1073,3093.0
1074,1583.5
1075,3093.0
1076,1583.5
1077,3093.0
1078,58.5
1079,1583.5
1080,4215.5
1081,1583.5
1082,3093.0
1083,671.5
1084,445.0
1086,4415.0
1087,1583.5
1088,3093.0
1089,3093.0
1090,3093.0
1091,3093.0
1092,1583.5
1093,1583.5
1095,1583.5
1096,2468.0
1097,1583.5
1099,1583.5
1100,1583.5
1101,3093.0
1102,3093.0
1103,3093.0
1105,1583.5
1107,671.5
1108,671.5
1109,1583.5
1110,671.5
1111,1583.5
1112,4415.0
1114,3093.0
1115,1583.5
1116,1583.5
1117,3093.0
1118,1583.5
1120,3093.0
1121,1583.5
1122,3093.0
1123,1583.5
1124,1583.5
1125,1583.5
1126,1583.5
1127,3093.0
1128,3831.5
1129,3093.0
1130,1583.5
1132,671.5
1133,1583.5
1134,1583.5
1135,555.0
1136,3093.0
1140,1583.5
1141,1583.5
1142,1583.5
1143,3093.0
1144,1583.5
1145,1583.5
1146,3831.5
1147,1583.5
1148,1583.5
1149,1583.5
1151,3093.0
1152,3093.0
1153,671.5
1155,3093.0
1156,3093.0
1157,1583.5
1158,1583.5
1159,3093.0
1160,255.5
1161,671.5
1162,4215.5
1163,3093.0
1164,1583.5
1165,3093.0
1166,1583.5
1167,1583.5
1168,3093.0
1169,4215.5
1170,3093.0
1171,1583.5
1172,3093.0
1173,1583.5
1174,4215.5
1175,3093.0
1176,3093.0
1177,1583.5
1178,58.5
1180,3831.5
1181,1583.5
1182,3093.0
1183,3093.0
1184,1583.5
1185,1583.5
1187,1583.5
1188,1583.5
1189,255.5
1190,3093.0
1191,3093.0
1192,1583.5
1193,1583.5
1194,255.5
1195,1583.5
1196,1583.5
1197,1583.5
1198,255.5
1199,1583.5
1200,4026.5
1201,3093.0
1202,1583.5
1204,1583.5
1205,1583.5
1207,3093.0
1208,255.5
1209,3093.0
1210,1583.5
1211,4026.5
1212,3093.0
1213,255.5
1214,3093.0
1215,1583.5
1216,1583.5
1217,3093.0
1218,255.5
1219,1583.5
1220,1583.5
1221,1583.5
1222,1583.5
1223,671.5
1225,1583.5
1226,445.0
1227,3093.0
1229,3093.0
1230,1583.5
1232,4215.5
1233,1583.5
1234,3093.0
1235,1583.5
1236,445.0
1238,1583.5
1239,3093.0
1240,3093.0
1241,3093.0
1242,1583.5
1243,3831.5
1245,3093.0
1247,58.5
1248,3093.0
1249,255.5
1250,4215.5
1251,3093.0
1252,1583.5
1253,1583.5
1254,1583.5
1255,1583.5
1256,3093.0
1257,136.0
1258,4215.5
1259,3093.0
1260,445.0
1262,4415.0
1263,3093.0
1264,3093.0
1265,1583.5
1266,1583.5
1267,3093.0
1268,3093.0
1269,4215.5
1270,3093.0
1271,1583.5
1272,1583.5
1273,3093.0
1274,3831.5
1275,3831.5
1276,3093.0
1277,1583.5
1279,3093.0
1280,4415.0
1281,1583.5
1282,445.0
1283,1583.5
1285,3093.0
1286,3093.0
1287,1583.5
1288,255.5
1289,58.5
1290,445.0
1291,3831.5
1292,445.0
1294,3093.0
1295,4088.0
1296,1583.5
1297,1583.5
1298,3093.0
1300,1583.5
1301,1583.5
1302,445.0
1303,3093.0
1305,1583.5
1306,1583.5
1307,3093.0
1308,1583.5
1309,1583.5
1310,1583.5
1311,1583.5
1312,3093.0
1313,1583.5
1315,1583.5
1316,1583.5
1317,3093.0
1318,1583.5
1319,445.0
1320,1583.5
1321,3093.0
1322,4415.0
1323,1583.5
1324,3093.0
1325,1583.5
1326,1583.5
1327,445.0
1328,1583.5
1329,1583.5
1330,3093.0
1331,3093.0
1332,3093.0
1333,1583.5
1335,590.5
1336,3093.0
1337,445.0
1338,2468.0
1339,1583.5
1340,445.0
1341,1583.5
1342,3093.0
1343,3093.0
1344,3093.0
1345,3093.0
1347,1583.5
1348,3093.0
1350,1583.5
1351,3093.0
1353,1583.5
1354,1583.5
1355,1583.5
1356,1583.5
1357,1583.5
1358,4215.5
1359,255.5
1360,3093.0
1361,3093.0
1364,3093.0
1365,1583.5
1366,3093.0
1367,1583.5
1368,255.5
1369,1583.5
1370,1583.5
1371,1583.5
1372,3093.0
1374,445.0
1375,3093.0
1376,445.0
1377,4215.5
1378,1583.5
1379,3093.0
1380,4415.0
1382,1583.5
1383,4215.5
1384,3093.0
1385,1583.5
1387,3093.0
1388,3093.0
1389,1583.5
1390,1583.5
1391,1583.5
1392,1583.5
1393,1583.5
1394,3093.0
1395,445.0
1396,1583.5
1397,1583.5
1398,1583.5
1399,1583.5
1400,4415.0
1401,1583.5
1402,3093.0
1403,3093.0
1404,1583.5
1405,1583.5
1406,1583.5
1407,4215.5
1411,1583.5
1412,3093.0
1413,1583.5
1414,3093.0
1415,4026.5
1416,4215.5
1417,3093.0
1418,3093.0
1419,1583.5
1420,1583.5
1421,1583.5
1423,1583.5
1424,1583.5
1425,1583.5
1426,1583.5
1427,1583.5
1429,1583.5
1430,3093.0
1433,1583.5
1434,1583.5
1435,1583.5
1436,255.5
1437,3093.0
1438,590.5
1439,3093.0
1440,1583.5
1441,3093.0
1442,4026.5
1443,4415.0
1444,1583.5
1445,3093.0
1446,3831.5
1447,3093.0
1448,255.5
1449,1583.5
1451,3093.0
1452,1583.5
1453,255.5
1454,1583.5
1455,3093.0
1456,4215.5
1457,58.5
1458,1583.5
1459,671.5
1460,1583.5
1461,3093.0
1462,2468.0
1463,1583.5
1464,3093.0
1465,3093.0
1467,255.5
1468,255.5
1469,671.5
1470,671.5
1471,1583.5
1472,3093.0
1473,1583.5
1474,3831.5
1475,3093.0
1477,1583.5
1478,1583.5
1479,3831.5
1480,4415.0
1481,1583.5
1482,3093.0
1483,1583.5
1484,1583.5
1485,3093.0
1486,3831.5
1487,1583.5
1488,1583.5
1489,3093.0
1490,3093.0
1491,1583.5
1492,3093.0
1493,255.5
1494,255.5
1495,1583.5
1496,3831.5
1497,1583.5
1498,1583.5
1499,1583.5
1500,1583.5
1501,3093.0
1502,3831.5
1503,3093.0
1504,445.0
1505,1583.5
1506,3093.0
1507,3093.0
1508,1583.5
1509,3093.0
1510,1583.5
1511,4215.5
1515,1583.5
1516,4215.5
1517,1583.5
1520,3093.0
1521,3093.0
1522,3093.0
1523,1583.5
1524,445.0
1525,1583.5
1526,1583.5
1527,1583.5
1528,4415.0
1529,3831.5
1531,3093.0
1532,1583.5
1533,1583.5
1534,3093.0
1535,1583.5
1536,1583.5
1537,3093.0
1538,4026.5
1539,3093.0
1540,3093.0
1542,1583.5
1543,3831.5
1545,1583.5
1546,3093.0
1547,1583.5
1548,3093.0
1549,4088.0
1550,1583.5
1551,4215.5
1552,4026.5
1553,1583.5
1555,1583.5
1556,1583.5
1557,1583.5
1558,3093.0
1559,1583.5
1560,3093.0
1561,671.5
1562,1583.5
1563,4215.5
1564,4215.5
1565,1583.5
1566,3093.0
1567,3093.0
1568,3093.0
1569,3831.5
1570,1583.5
1572,1583.5
1573,1583.5
1574,3831.5
1575,1583.5
1576,1583.5
1577,1583.5
1578,1583.5
1579,3093.0
1580,4415.0
1581,3093.0
1583,3831.5
1584,1583.5
1585,3093.0
1586,3831.5
1588,1583.5
1590,255.5
1591,3093.0
1592,1583.5
1593,1583.5
1594,671.5
1595,4026.5
1596,3831.5
1597,58.5
1598,671.5
1599,2468.0
1600,255.5
1601,1583.5
1602,445.0
1603,1583.5
1604,1583.5
1605,3093.0
1606,1583.5
1607,4215.5
1608,1583.5
1610,1583.5
1611,1583.5
1612,3093.0
1613,445.0
1614,3093.0
1615,1583.5
1616,1583.5
1617,3093.0
1619,1583.5
1620,255.5
1621,3093.0
1624,3093.0
1625,1583.5
1626,1583.5
1627,3093.0
1629,3831.5
1630,3093.0
1631,1583.5
1632,4215.5
1633,1583.5
1634,3831.5
1635,1583.5
1636,3093.0
1637,3093.0
1639,3093.0
1640,1583.5
1641,3831.5
1642,4215.5
1643,1583.5
1645,1583.5
1646,1583.5
1647,1583.5
1648,1583.5
1649,3093.0
1650,3093.0
1651,3093.0
1652,58.5
1654,1583.5
1655,3093.0
1656,3831.5
1657,1583.5
1658,4215.5
1659,3093.0
1660,3093.0
1661,3093.0
1662,4215.5
1663,671.5
1665,3093.0
1666,1583.5
1667,3093.0
1668,3093.0
1669,3093.0
1670,1583.5
1671,1583.5
1672,1583.5
1673,1583.5
1674,445.0
1675,671.5
1676,3093.0
1678,1583.5
1679,4415.0
1680,4215.5
1681,3093.0
1682,3093.0
1683,1583.5
1684,1583.5
1685,3093.0
1686,590.5
1689,671.5
1690,255.5
1691,1583.5
1692,1583.5
1693,255.5
1694,1583.5
1695,1583.5
1696,3093.0
1697,1583.5
1698,1583.5
1699,3093.0
1700,445.0
1701,1583.5
1702,3093.0
1703,1583.5
1704,445.0
1705,3093.0
1706,3093.0
1707,58.5
1708,3093.0
1709,58.5
1710,4026.5
1711,4415.0
1712,1583.5
1713,1583.5
1714,58.5
1715,3093.0
1716,4215.5
1717,445.0
1718,3093.0
1719,1583.5
1720,1583.5
1721,1583.5
1722,3093.0
1724,3093.0
1725,1583.5
1726,1583.5
1727,1583.5
1728,3093.0
1729,3093.0
1730,4215.5
1731,1583.5
1732,671.5
1733,1583.5
1734,1583.5
1735,255.5
1736,3093.0
1737,3831.5
1738,3093.0
1739,1583.5
1741,3831.5
1742,1583.5
1743,136.0
1744,3093.0
1745,3093.0
1746,1583.5
1747,1583.5
1749,4215.5
1750,3093.0
1751,4026.5
1752,3093.0
1753,1583.5
1754,3093.0
1755,1583.5
1756,1583.5
1757,1583.5
1758,3093.0
1759,1583.5
1760,1583.5
1761,1583.5
1762,3093.0
1763,3831.5
1764,3093.0
1766,4415.0
1767,1583.5
1768,1583.5
1769,3093.0
1770,1583.5
1771,3831.5
1775,1583.5
1776,3831.5
1777,3093.0
1778,1583.5
1779,1583.5
1781,4215.5
1782,671.5
1783,4415.0
1784,1583.5
1785,1583.5
1786,3093.0
1787,255.5
1788,4415.0
1789,445.0
1790,1583.5
1791,255.5
1792,4026.5
1793,3093.0
1794,1583.5
1795,1583.5
1796,1583.5
1797,1583.5
1798,1583.5
1799,3093.0
1800,1583.5
1801,1583.5
1802,3093.0
1803,3093.0
1804,3093.0
1805,3093.0
1806,590.5
1807,590.5
1808,4026.5
1809,3831.5
1810,255.5
1812,1583.5
1813,3093.0
1814,3093.0
1815,1583.5
1816,3093.0
1817,1583.5
1818,1583.5
1820,3093.0
1822,4026.5
1823,3093.0
1824,3093.0
1826,3093.0
1827,3093.0
1829,1583.5
1830,671.5
1831,1583.5
1832,590.5
1833,3093.0
1835,671.5
1836,1583.5
1837,445.0
1838,1583.5
1839,1583.5
1840,3831.5
1841,1583.5
1842,1583.5
1843,3093.0
1844,1583.5
1845,1583.5
1846,3831.5
1847,4215.5
1848,1583.5
1849,58.5
1850,671.5
1851,3831.5
1852,3093.0
1854,1583.5
1856,1583.5
1857,255.5
1858,3093.0
1859,671.5
1860,1583.5
1861,3093.0
1862,1583.5
1863,255.5
1864,3093.0
1866,590.5
1867,3093.0
1868,1583.5
1869,4415.0
1870,445.0
1871,1583.5
1872,3093.0
1873,1583.5
1874,3093.0
1875,4415.0
1876,1583.5
1877,1583.5
1878,3093.0
1879,3093.0
1880,1583.5
1881,1583.5
1882,1583.5
1883,671.5
1884,3093.0
1886,3831.5
1887,1583.5
1888,3093.0
1889,3093.0
1890,1583.5
1891,1583.5
1893,671.5
1894,2468.0
1895,3831.5
1896,3093.0
1897,3093.0
1900,1583.5
1902,1583.5
1903,58.5
1904,136.0
1905,1583.5
1908,136.0
1910,1583.5
1911,1583.5
1912,3093.0
1913,3831.5
1914,1583.5
1915,1583.5
1916,3093.0
1917,1583.5
1918,3093.0
1919,3093.0
1920,1583.5
1921,3093.0
1922,1583.5
1923,3093.0
1924,1583.5
1925,1583.5
1926,3831.5
1927,1583.5
1928,1583.5
1929,3831.5
1930,1583.5
1931,3093.0
1932,3831.5
1933,1583.5
1934,671.5
1935,3093.0
1936,1583.5
1937,3831.5
1939,1583.5
1940,3093.0
1941,445.0
1942,4026.5
1943,671.5
1944,3093.0
1945,4215.5
1946,3831.5
1947,555.0
1948,3093.0
1949,1583.5
1950,1583.5
1951,1583.5
1952,1583.5
1954,3093.0
1955,3093.0
1956,1583.5
1957,671.5
1958,1583.5
1960,1583.5
1961,445.0
1962,3093.0
1963,3093.0
1964,1583.5
1965,1583.5
1966,1583.5
1967,1583.5
1968,3831.5
1969,1583.5
1970,3093.0
1971,1583.5
1972,3093.0
1973,4415.0
1974,3831.5
1976,4415.0
1977,1583.5
1978,58.5
1979,445.0
1980,1583.5
1981,3093.0
1982,1583.5
1983,1583.5
1984,4215.5
1985,1583.5
1986,255.5
1987,255.5
1989,3093.0
1990,1583.5
1991,3093.0
1992,1583.5
1993,3093.0
1994,1583.5
1995,255.5
1996,1583.5
1997,3831.5
1998,1583.5
1999,3093.0
2000,1583.5
2001,3093.0
2002,590.5
2003,1583.5
2004,3093.0
2005,3831.5
2006,255.5
2007,3093.0
2008,1583.5
2009,3093.0
2010,4215.5
2011,3093.0
2012,1583.5
2013,1583.5
2014,1583.5
2019,3093.0
2020,1583.5
2021,4415.0
2022,4215.5
2023,3831.5
2024,4215.5
2025,671.5
2026,1583.5
2027,3093.0
2028,1583.5
2029,445.0
2031,1583.5
2032,3093.0
2033,3093.0
2034,3093.0
2036,1583.5
2037,1583.5
2038,1583.5
2039,3831.5
2040,3093.0
2041,3093.0
2042,4215.5
2043,3093.0
2044,671.5
2045,4026.5
2046,255.5
2047,1583.5
2048,3831.5
2049,445.0
2050,2468.0
2052,3831.5
2053,3093.0
2054,3093.0
2056,3093.0
2058,1583.5
2059,3093.0
2060,1583.5
2061,3093.0
2062,1583.5
2063,445.0
2065,3831.5
2066,1583.5
2067,3831.5
2068,3093.0
2069,136.0
2070,1583.5
2071,4415.0
2072,1583.5
2073,3093.0
2075,3093.0
2076,1583.5
2077,3831.5
2078,1583.5
2079,3093.0
2080,4415.0
2081,3831.5
2082,3831.5
2083,1583.5
2084,136.0
2085,255.5
2086,4026.5
2087,3831.5
2088,671.5
2089,4215.5
2091,1583.5
2092,3093.0
2093,255.5
2094,3093.0
2096,1583.5
2097,3093.0
2098,3093.0
2099,1583.5
2100,58.5
2101,58.5
2102,4026.5
2103,1583.5
2104,255.5
2105,445.0
2106,1583.5
2107,1583.5
2108,3831.5
2109,255.5
2110,1583.5
2111,590.5
2112,1583.5
2113,1583.5
2115,3093.0
2116,4088.0
2118,3093.0
2120,3093.0
2123,671.5
2124,3831.5
2125,1583.5
2127,1583.5
2128,4215.5
2129,4026.5
2130,1583.5
2131,537.0
2132,1583.5
2133,1583.5
2134,3093.0
2135,58.5
2136,1583.5
2137,3093.0
2138,1583.5
2139,3093.0
2140,3831.5
2142,3831.5
2143,1583.5
2144,1583.5
2145,1583.5
2146,3093.0
2147,4215.5
2148,136.0
2149,3093.0
2150,3093.0
2151,1583.5
2152,1583.5
2153,445.0
2155,3093.0
2156,3093.0
2157,3093.0
2159,445.0
2160,1583.5
2161,4215.5
2163,3093.0
2164,445.0
2165,4215.5
2166,4215.5
2167,3093.0
2168,3093.0
2169,3831.5
2170,3093.0
2171,1583.5
2172,3831.5
2173,1583.5
2174,4215.5
2175,1583.5
2176,555.0
2177,3093.0
2178,58.5
2179,3093.0
2180,3831.5
2181,58.5
2183,3093.0
2184,1583.5
2185,3831.5
2186,590.5
2187,1583.5
2188,590.5
2189,3093.0
2190,1583.5
2191,255.5
2192,1583.5
2193,4415.0
2194,1583.5
2195,445.0
2196,4215.5
2197,1583.5
2198,1583.5
2199,1583.5
2200,671.5
2201,3831.5
2202,1583.5
2203,671.5
2204,1583.5
2206,1583.5
2207,1583.5
2208,3093.0
2209,1583.5
2210,1583.5
2211,1583.5
2213,255.5
2214,555.0
2215,3093.0
2216,3093.0
2219,4215.5
2220,3093.0
2221,4215.5
2222,671.5
2223,3093.0
2224,2468.0
2225,3093.0
2226,3093.0
2227,4088.0
2228,1583.5
2229,1583.5
2230,1583.5
2231,3831.5
2233,1583.5
2234,1583.5
2235,1583.5
2236,3093.0
2237,1583.5
2238,3093.0
2239,3093.0
2241,58.5
2242,671.5
2243,1583.5
2244,3093.0
2245,3093.0
2246,1583.5
2248,3093.0
2249,1583.5
2250,3093.0
2251,4215.5
2252,1583.5
2254,3093.0
2255,3093.0
2256,3093.0
2257,3093.0
2258,671.5
2259,3093.0
2260,255.5
2261,4415.0
2262,3831.5
2263,4215.5
2264,3093.0
2265,1583.5
2266,3093.0
2267,4215.5
2268,1583.5
2269,1583.5
2270,3093.0
2271,1583.5
2274,1583.5
2275,1583.5
2276,671.5
2277,1583.5
2279,3093.0
2280,1583.5
2281,3093.0
2282,1583.5
2283,1583.5
2284,1583.5
2285,3093.0
2286,1583.5
2287,1583.5
2288,3093.0
2289,58.5
2290,3093.0
2291,1583.5
2292,445.0
2293,3093.0
2294,4215.5
2295,445.0
2297,1583.5
2298,4026.5
2299,3831.5
2300,58.5
2301,1583.5
2302,1583.5
2303,4415.0
2304,1583.5
2305,3093.0
2306,1583.5
2308,1583.5
2309,1583.5
2310,3093.0
2311,3093.0
2312,3093.0
2313,3093.0
2314,445.0
2315,3093.0
2316,3093.0
2317,1583.5
2318,1583.5
2319,4215.5
2320,1583.5
2321,1583.5
2322,4215.5
2323,1583.5
2324,3093.0
2326,1583.5
2327,1583.5
2329,2468.0
2330,3093.0
2331,1583.5
2332,3093.0
2333,3093.0
2334,1583.5
2337,4215.5
2338,445.0
2339,1583.5
2340,1583.5
2341,3093.0
2342,1583.5
2343,136.0
2344,3093.0
2345,3093.0
2347,3093.0
2348,255.5
2349,1583.5
2350,1583.5
2351,3093.0
2352,3093.0
2354,671.5
2355,1583.5
2356,3093.0
2357,4215.5
2358,1583.5
2359,3093.0
2360,1583.5
2362,1583.5
2363,3831.5
2364,1583.5
2365,3831.5
2366,255.5
2367,4415.0
2368,1583.5
2369,1583.5
2370,1583.5
2371,4026.5
2372,3093.0
2373,3093.0
2374,3093.0
2375,1583.5
2376,445.0
2377,1583.5
2378,3093.0
2379,590.5
2380,3093.0
2381,1583.5
2382,3093.0
2383,590.5
2384,3093.0
2385,1583.5
2386,3093.0
2387,255.5
2388,4215.5
2389,1583.5
2390,3093.0
2391,4215.5
2392,445.0
2393,3093.0
2394,3093.0
2395,3093.0
2396,3093.0
2397,3093.0
2398,1583.5
2399,1583.5
2400,3093.0
2401,1583.5
2402,537.0
2403,3093.0
2404,1583.5
2405,1583.5
2406,3093.0
2407,1583.5
2408,1583.5
2409,1583.5
2411,3093.0
2413,3093.0
2414,1583.5
2416,1583.5
2417,671.5
2418,1583.5
2419,1583.5
2420,3093.0
2421,3093.0
2422,4415.0
2423,1583.5
2424,3093.0
2425,671.5
2426,3093.0
2427,255.5
2428,1583.5
2429,1583.5
2431,1583.5
2432,1583.5
2433,3093.0
2434,4215.5
2435,1583.5
2436,671.5
2437,2468.0
2438,3093.0
2439,4215.5
2440,2468.0
2441,255.5
2442,3093.0
2444,3093.0
2445,3093.0
2446,3831.5
2447,4215.5
2448,3093.0
2449,1583.5
2451,255.5
2452,1583.5
2453,445.0
2454,3093.0
2455,3831.5
2456,1583.5
2457,1583.5
2458,3093.0
2459,136.0
2460,1583.5
2461,4415.0
2462,4026.5
2463,3093.0
2464,3093.0
2465,555.0
2466,58.5
2467,671.5
2468,1583.5
2469,1583.5
2470,3093.0
2471,1583.5
2472,3093.0
2473,445.0
2474,1583.5
2475,4215.5
2476,2468.0
2477,1583.5
2478,3093.0
2479,4415.0
2480,1583.5
2481,3831.5
2482,3093.0
2484,1583.5
2485,445.0
2486,58.5
2487,4215.5
2488,1583.5
2489,3093.0
2490,3093.0
2491,671.5
2492,1583.5
2494,1583.5
2495,1583.5
2496,3831.5
2497,1583.5
2498,445.0
2499,58.5
2501,1583.5
2502,1583.5
2503,1583.5
2504,3093.0
2505,58.5
2506,445.0
2507,255.5
2508,3831.5
2509,3831.5
2510,3093.0
2511,1583.5
2512,3093.0
2513,4415.0
2514,3093.0
2515,58.5
2516,1583.5
2517,3093.0
2518,1583.5
2519,3093.0
2520,1583.5
2521,3093.0
2522,555.0
2523,2468.0
2524,58.5
2525,3093.0
2527,445.0
2528,1583.5
2529,4215.5
2530,3093.0
2531,4026.5
2532,3093.0
2534,1583.5
2536,1583.5
2537,1583.5
2538,3093.0
2541,4215.5
2542,4215.5
2543,3093.0
2544,3093.0
2545,671.5
2546,3093.0
2547,3093.0
2548,1583.5
2549,1583.5
2550,4026.5
2551,3831.5
2552,255.5
2553,1583.5
2555,58.5
2556,255.5
2558,3831.5
2559,3093.0
2560,4415.0
2561,445.0
2562,3093.0
2563,3093.0
2564,555.0
2565,3093.0
2566,3093.0
2567,1583.5
2568,3093.0
2569,1583.5
2570,4026.5
2571,4026.5
2572,1583.5
2573,671.5
2574,1583.5
2575,1583.5
2576,4026.5
2577,1583.5
2578,3093.0
2579,3093.0
2580,1583.5
2581,1583.5
2582,255.5
2583,3831.5
2584,136.0
2585,3831.5
2586,1583.5
2587,1583.5
2588,4215.5
2589,3093.0
2590,445.0
2591,1583.5
2592,4415.0
2593,1583.5
2594,1583.5
2595,3831.5
2596,4026.5
2597,1583.5
2598,3093.0
2599,3831.5
2600,1583.5
2601,445.0
2602,3093.0
2603,136.0
2604,1583.5
2607,1583.5
2608,4215.5
2609,1583.5
2610,4215.5
2612,1583.5
2613,3093.0
2614,4088.0
2615,445.0
2616,445.0
2617,4215.5
2618,3093.0
2619,3093.0
2620,1583.5
2621,1583.5
2622,255.5
2623,1583.5
2624,3093.0
2625,1583.5
2627,1583.5
2628,671.5
2629,2468.0
2631,4026.5
2632,2468.0
2633,4415.0
2634,3093.0
2635,255.5
2636,4215.5
2637,3093.0
2638,445.0
2639,3093.0
2640,1583.5
2641,3093.0
2642,1583.5
2643,58.5
2644,1583.5
2645,1583.5
2647,445.0
2648,4215.5
2649,255.5
2650,4215.5
2651,58.5
2652,3093.0
2653,3093.0
2654,3831.5
2655,445.0
2656,255.5
2657,1583.5
2658,2468.0
2659,1583.5
2660,3093.0
2662,1583.5
2664,1583.5
2665,1583.5
2666,4026.5
2668,671.5
2670,136.0
2671,1583.5
2672,445.0
2673,1583.5
2674,445.0
2675,1583.5
2676,1583.5
2677,4215.5
2678,4088.0
2679,58.5
2680,671.5
2681,2468.0
2682,3093.0
2683,1583.5
2684,4026.5
2685,255.5
2686,3093.0
2687,58.5
2688,3093.0
2689,1583.5
2690,1583.5
2691,3093.0
2692,3093.0
2693,555.0
2694,58.5
2695,1583.5
2697,3093.0
2698,4415.0
2699,3093.0
2700,1583.5
2701,4215.5
2702,1583.5
2703,1583.5
2705,3093.0
2706,4026.5
2707,1583.5
2708,3093.0
2710,1583.5
2711,1583.5
2712,4415.0
2713,1583.5
2714,3831.5
2715,3093.0
2717,4415.0
2718,4215.5
2719,3093.0
2720,255.5
2723,1583.5
2724,3093.0
2725,3831.5
2726,3831.5
2727,3093.0
2728,1583.5
2729,445.0
2730,3093.0
2731,1583.5
2732,4415.0
2734,3831.5
2735,1583.5
2736,1583.5
2737,1583.5
2738,3831.5
2739,4026.5
2740,3831.5
2741,1583.5
2742,4026.5
2743,1583.5
2744,58.5
2745,3093.0
2746,1583.5
2747,1583.5
2748,1583.5
2749,3831.5
2750,3093.0
2751,3831.5
2752,590.5
2754,3093.0
2755,1583.5
2756,3093.0
2757,3831.5
2758,255.5
2759,555.0
2760,3831.5
2761,1583.5
2762,3093.0
2763,1583.5
2764,445.0
2765,3093.0
2766,3093.0
2767,3831.5
2768,3093.0
2769,445.0
2770,4215.5
2771,590.5
2772,4026.5
2773,255.5
2774,4215.5
2775,1583.5
2776,1583.5
2777,555.0
2778,1583.5
2780,3093.0
2781,3093.0
2782,3093.0
2783,1583.5
2784,1583.5
2786,3093.0
2788,1583.5
2790,4415.0
2791,1583.5
2792,3831.5
2793,3093.0
2794,1583.5
2795,255.5
2796,4215.5
2797,1583.5
2798,3093.0
2799,3093.0
2800,1583.5
2801,1583.5
2802,3831.5
2803,1583.5
2804,255.5
2805,2468.0
2806,3831.5
2807,255.5
2808,3831.5
2809,590.5
2810,1583.5
2811,4215.5
2812,3093.0
2813,1583.5
2814,3093.0
2815,4088.0
2816,1583.5
2817,4215.5
2818,3831.5
2820,1583.5
2821,1583.5
2822,3093.0
2823,671.5
2824,4026.5
2825,3093.0
2826,3093.0
2827,3093.0
2828,3093.0
2829,1583.5
2830,4026.5
2831,1583.5
2833,4415.0
2834,255.5
2836,3093.0
2837,1583.5
2838,3093.0
2839,4415.0
2840,4026.5
2841,3093.0
2842,4215.5
2843,671.5
2844,136.0
2845,58.5
2846,3093.0
2847,3093.0
2848,1583.5
2849,3093.0
2852,1583.5
2853,671.5
2854,3093.0
2855,555.0
2856,4088.0
2857,445.0
2858,3093.0
2859,3093.0
2861,1583.5
2862,3093.0
2863,1583.5
2864,1583.5
2865,1583.5
2866,3831.5
2867,1583.5
2868,3093.0
2869,590.5
2870,3831.5
2871,3093.0
2872,445.0
2873,255.5
2874,1583.5
2875,3831.5
2876,3831.5
2877,1583.5
2878,1583.5
2879,1583.5
2880,255.5
2881,3831.5
2882,3831.5
2883,3093.0
2884,445.0
2885,1583.5
2886,1583.5
2887,445.0
2889,555.0
2890,445.0
2891,1583.5
2892,1583.5
2893,58.5
2894,671.5
2896,3831.5
2897,1583.5
2898,1583.5
2899,3831.5
2900,1583.5
2901,3093.0
2902,4415.0
2903,3093.0
2905,1583.5
2907,445.0
2908,136.0
2909,4215.5
2911,3093.0
2912,255.5
2913,4415.0
2914,1583.5
2915,1583.5
2916,445.0
2917,4026.5
2918,3093.0
2919,1583.5
2920,1583.5
2921,1583.5
2922,1583.5
2924,3831.5
2925,1583.5
2926,255.5
2928,1583.5
2929,1583.5
2930,1583.5
2931,445.0
2932,1583.5
2933,590.5
2934,3093.0
2935,58.5
2936,1583.5
2937,1583.5
2939,1583.5
2940,590.5
2941,1583.5
2944,3093.0
2945,2468.0
2946,3093.0
2948,3093.0
2949,3093.0
2950,3093.0
2951,1583.5
2953,136.0
2954,136.0
2955,555.0
2956,3093.0
2957,1583.5
2958,3093.0
2959,1583.5
2960,1583.5
2961,3093.0
2962,537.0
2963,1583.5
2964,1583.5
2965,1583.5
2966,1583.5
2967,3093.0
2968,1583.5
2969,1583.5
2970,3093.0
2972,4215.5
2973,1583.5
2974,3831.5
2975,3093.0
2976,3093.0
2977,58.5
2978,3093.0
2979,1583.5
2980,1583.5
2981,4215.5
2982,3831.5
2983,555.0
2984,3831.5
2985,4415.0
2986,1583.5
2987,1583.5
2988,3093.0
2989,4088.0
2990,1583.5
2992,4215.5
2993,255.5
2994,1583.5
2995,4215.5
2996,4415.0
2997,2468.0
2998,255.5
2999,3093.0
3001,3093.0
3002,3093.0
3003,58.5
3004,3831.5
3005,3093.0
3006,3093.0
3007,255.5
3009,3093.0
3010,4215.5
3011,1583.5
3012,4415.0
3014,1583.5
3015,255.5
3016,58.5
3017,1583.5
3018,4215.5
3019,3093.0
3020,445.0
3021,4415.0
3022,1583.5
3023,1583.5
3024,1583.5
3025,1583.5
3026,1583.5
3027,3831.5
3028,445.0
3029,2468.0
3030,3093.0
3031,1583.5
3032,1583.5
3033,1583.5
3036,3093.0
3039,1583.5
3041,1583.5
3043,1583.5
3044,1583.5
3045,255.5
3046,4415.0
3047,3093.0
3048,1583.5
3049,3093.0
3050,3093.0
3051,255.5
3052,4088.0
3053,3093.0
3054,4415.0
3055,1583.5
3057,1583.5
3058,1583.5
3059,1583.5
3060,445.0
3061,4415.0
3063,3831.5
3064,4215.5
3065,671.5
3066,3093.0
3067,590.5
3068,255.5
3069,4026.5
3070,3093.0
3071,671.5
3072,445.0
3073,4415.0
3074,2468.0
3075,3093.0
3076,1583.5
3077,255.5
3078,671.5
3079,3093.0
3080,4215.5
3082,1583.5
3083,3831.5
3084,4215.5
3085,1583.5
3087,3831.5
3088,3093.0
3089,3093.0
3090,3093.0
3091,255.5
3092,1583.5
3093,255.5
3094,3093.0
3095,1583.5
3097,555.0
3098,3093.0
3099,671.5
3100,3831.5
3101,3093.0
3102,3093.0
3103,1583.5
3104,1583.5
3106,4215.5
3107,255.5
3108,3831.5
3109,445.0
3110,255.5
3111,136.0
3112,1583.5
3113,1583.5
3115,3093.0
3116,1583.5
3117,1583.5
3118,3831.5
3119,1583.5
3121,1583.5
3122,3093.0
3123,3093.0
3124,3093.0
3126,3093.0
3127,1583.5
3128,3093.0
3129,3831.5
3130,58.5
3131,3831.5
3132,3093.0
3133,1583.5
3134,58.5
3135,4215.5
3136,3093.0
3137,445.0
3138,3093.0
3139,3093.0
3140,3093.0
3141,1583.5
3142,671.5
3143,4215.5
3144,4415.0
3145,445.0
3146,3831.5
3147,445.0
3148,671.5
3149,3093.0
3150,1583.5
3151,4215.5
3152,1583.5
3153,445.0
3154,4026.5
3155,3093.0
3156,1583.5
3157,1583.5
3158,1583.5
3159,3093.0
3160,1583.5
3162,1583.5
3164,4026.5
3166,4215.5
3167,1583.5
3168,1583.5
3169,590.5
3170,3093.0
3171,3093.0
3172,1583.5
3174,445.0
3175,136.0
3176,4215.5
3177,3093.0
3178,1583.5
3179,3093.0
3180,3831.5
3181,3093.0
3182,255.5
3183,671.5
3184,3093.0
3186,1583.5
3187,3093.0
3188,136.0
3189,3093.0
3190,1583.5
3191,1583.5
3192,445.0
3193,3093.0
3194,255.5
3195,1583.5
3196,255.5
3197,3093.0
3198,671.5
3199,1583.5
3200,1583.5
3201,58.5
3202,3093.0
3203,58.5
3204,3093.0
3206,1583.5
3207,3831.5
3208,1583.5
3210,3093.0
3211,445.0
3212,1583.5
3213,2468.0
3214,1583.5
3215,2468.0
3216,58.5
3218,4026.5
3219,4215.5
3220,3093.0
3221,3093.0
3222,4215.5
3223,1583.5
3224,1583.5
3225,255.5
3226,3093.0
3227,3093.0
3228,1583.5
3229,3093.0
3230,3093.0
3231,3093.0
3232,3093.0
3233,1583.5
3234,1583.5
3235,3093.0
3236,1583.5
3237,3831.5
3238,555.0
3239,136.0
3240,4026.5
3241,3093.0
3242,1583.5
3243,3093.0
3244,4415.0
3245,2468.0
3246,445.0
3247,3093.0
3248,3831.5
3249,3093.0
3251,4215.5
3252,671.5
3253,1583.5
3254,255.5
3255,3093.0
3257,3093.0
3258,671.5
3259,1583.5
3260,3093.0
3261,3831.5
3262,1583.5
3263,3093.0
3264,3831.5
3265,3093.0
3266,1583.5
3269,4215.5
3270,1583.5
3271,3831.5
3272,4215.5
3273,3093.0
3274,3093.0
3275,3093.0
3276,1583.5
3277,1583.5
3278,255.5
3279,1583.5
3280,1583.5
3281,4088.0
3283,1583.5
3284,1583.5
3285,255.5
3287,4088.0
3288,1583.5
3289,1583.5
3290,1583.5
3291,58.5
3292,445.0
3293,3093.0
3294,671.5
3296,255.5
3298,555.0
3299,58.5
3302,58.5
3303,4026.5
3304,1583.5
3305,1583.5
3306,3093.0
3307,671.5
3308,58.5
3309,3093.0
3310,1583.5
3311,1583.5
3312,3093.0
3313,3093.0
3314,1583.5
3315,4215.5
3316,3831.5
3317,3093.0
3319,3093.0
3320,590.5
3321,3831.5
3323,555.0
3324,4415.0
3325,2468.0
3326,1583.5
3327,1583.5
3328,2468.0
3329,3093.0
3330,4215.5
3331,255.5
3332,255.5
3333,58.5
3334,2468.0
3336,1583.5
3338,255.5
3339,1583.5
3340,671.5
3341,3831.5
3342,1583.5
3343,671.5
3344,1583.5
3345,4215.5
3346,4026.5
3347,1583.5
3349,1583.5
3350,1583.5
3352,3093.0
3354,3831.5
3355,3093.0
3356,1583.5
3357,3093.0
3358,3831.5
3359,3831.5
3361,4415.0
3362,1583.5
3363,1583.5
3364,1583.5
3366,3831.5
3369,3093.0
3370,1583.5
3371,3093.0
3372,1583.5
3374,3093.0
3375,1583.5
3376,58.5
3377,3093.0
3378,1583.5
3379,3093.0
3380,4415.0
3381,1583.5
3382,3093.0
3383,3831.5
3384,3093.0
3385,3093.0
3386,255.5
3387,445.0
3388,3831.5
3389,3093.0
3390,3831.5
3391,4088.0
3392,1583.5
3393,4215.5
3394,671.5
3395,4026.5
3396,3093.0
3397,590.5
3398,3093.0
3400,3093.0
3401,1583.5
3402,1583.5
3403,2468.0
3404,1583.5
3405,1583.5
3406,1583.5
3407,671.5
3408,1583.5
3409,671.5
3410,1583.5
3411,1583.5
3412,4415.0
3413,4415.0
3414,1583.5
3415,3093.0
3416,3093.0
3417,3093.0
3418,3831.5
3419,445.0
3420,4215.5
3421,3831.5
3422,3093.0
3424,3093.0
3425,3831.5
3426,3093.0
3427,58.5
3428,3093.0
3429,4415.0
3430,445.0
3431,255.5
3432,671.5
3433,3093.0
3434,1583.5
3435,2468.0
3436,3831.5
3437,136.0
3438,3093.0
3439,4026.5
3441,1583.5
3442,4415.0
3443,3093.0
3444,1583.5
3445,1583.5
3446,445.0
3447,3093.0
3448,3093.0
3449,3093.0
3450,3831.5
3451,58.5
3452,1583.5
3453,3093.0
3454,4415.0
3455,4215.5
3456,3093.0
3457,1583.5
3458,58.5
3459,3093.0
3460,255.5
3461,1583.5
3462,255.5
3464,1583.5
3465,1583.5
3466,3093.0
3468,1583.5
3469,4215.5
3470,1583.5
3471,1583.5
3473,255.5
3474,4026.5
3475,1583.5
3476,3831.5
3477,4415.0
3478,1583.5
3479,1583.5
3480,1583.5
3481,3831.5
3483,671.5
3484,1583.5
3485,58.5
3487,1583.5
3488,58.5
3489,4415.0
3490,255.5
3491,58.5
3492,255.5
3493,3831.5
3494,4215.5
3496,3093.0
3497,1583.5
3498,3093.0
3500,1583.5
3501,3093.0
3502,1583.5
3503,3093.0
3505,3831.5
3506,3093.0
3508,3093.0
3509,255.5
3510,3831.5
3511,1583.5
3513,1583.5
3514,1583.5
3515,4026.5
3517,3831.5
3518,3093.0
3519,3093.0
3520,1583.5
3521,3093.0
3523,1583.5
3524,3093.0
3525,3093.0
3526,3093.0
3527,590.5
3528,4215.5
3529,671.5
3530,3093.0
3531,3831.5
3532,3093.0
3533,1583.5
3534,3093.0
3535,1583.5
3536,671.5
3537,445.0
3540,4215.5
3541,3831.5
3542,3093.0
3543,3093.0
3544,3093.0
3545,2468.0
3546,4026.5
3547,3093.0
3548,4215.5
3549,1583.5
3550,4088.0
3551,4415.0
3552,1583.5
3553,1583.5
3555,58.5
3556,1583.5
3557,4215.5
3558,1583.5
3559,1583.5
3560,4415.0
3561,4415.0
3562,3831.5
3563,3093.0
3564,1583.5
3565,1583.5
3566,58.5
3567,4415.0
3568,1583.5
3569,671.5
3570,3093.0
3571,1583.5
3572,1583.5
3573,1583.5
3575,58.5
3576,3093.0
3577,4415.0
3578,4215.5
3579,4026.5
3580,1583.5
3581,3831.5
3582,671.5
3583,1583.5
3584,3831.5
3585,1583.5
3586,671.5
3587,1583.5
3588,4415.0
3589,4215.5
3590,255.5
3591,445.0
3592,1583.5
3594,4215.5
3595,4215.5
3596,1583.5
3597,1583.5
3598,1583.5
3599,3093.0
3600,3093.0
3601,4215.5
3602,1583.5
3603,1583.5
3605,3093.0
3606,1583.5
3607,58.5
3608,1583.5
3609,3093.0
3610,3831.5
3611,3093.0
3612,1583.5
3613,255.5
3614,3093.0
3615,3093.0
3617,3093.0
3618,4088.0
3619,3093.0
3620,4415.0
3621,4415.0
3622,445.0
3623,1583.5
3624,3831.5
3625,1583.5
3627,3093.0
3628,671.5
3629,445.0
3630,255.5
3631,590.5
3632,671.5
3633,3093.0
3634,3093.0
3635,3093.0
3636,4415.0
3637,3093.0
3638,255.5
3639,3093.0
3640,255.5
3641,3831.5
3642,4215.5
3643,4415.0
3644,58.5
3645,255.5
3646,4215.5
3647,3093.0
3648,4026.5
3649,3093.0
3651,3831.5
3653,671.5
3654,1583.5
3656,1583.5
3657,4415.0
3658,4415.0
3659,1583.5
3660,3093.0
3661,3093.0
3662,1583.5
3663,1583.5
3665,445.0
3666,255.5
3667,58.5
3668,445.0
3670,1583.5
3671,1583.5
3672,4088.0
3673,3831.5
3674,3093.0
3675,255.5
3676,255.5
3677,1583.5
3678,1583.5
3679,4215.5
3680,4215.5
3681,1583.5
3683,3093.0
3684,3093.0
3685,4215.5
3686,1583.5
3687,4026.5
3689,3093.0
3690,1583.5
3691,3093.0
3692,136.0
3693,3093.0
3694,4415.0
3695,1583.5
3696,1583.5
3697,3831.5
3698,590.5
3702,3831.5
3703,3093.0
3704,3093.0
3705,3093.0
3706,3093.0
3707,4026.5
3708,4215.5
3709,445.0
3710,4215.5
3711,1583.5
3713,4415.0
3714,3831.5
3715,58.5
3716,2468.0
3717,1583.5
3718,58.5
3719,3093.0
3720,3831.5
3721,1583.5
3722,4215.5
3724,3831.5
3725,445.0
3726,3093.0
3727,1583.5
3728,445.0
3729,445.0
3730,671.5
3731,1583.5
3732,58.5
3733,1583.5
3734,555.0
3735,1583.5
3737,255.5
3738,58.5
3740,1583.5
3741,1583.5
3743,3093.0
3744,3093.0
3746,3093.0
3747,4026.5
3748,4215.5
3749,3093.0
3750,1583.5
3751,3093.0
3753,3093.0
3754,4415.0
3755,3093.0
3756,445.0
3757,3093.0
3758,58.5
3759,3093.0
3760,1583.5
3761,4215.5
3762,1583.5
3763,4415.0
3764,255.5
3765,136.0
3766,3093.0
3767,3093.0
3768,4415.0
3769,255.5
3770,58.5
3771,4088.0
3772,4026.5
3773,58.5
3774,3093.0
3775,1.0
3776,3831.5
3777,4215.5
3778,3093.0
3779,4026.5
3780,3093.0
3781,1583.5
3782,1583.5
3783,4215.5
3785,1583.5
3786,3093.0
3787,3093.0
3788,3093.0
3789,3093.0
3790,4215.5
3791,3093.0
3792,1583.5
3793,3831.5
3794,3093.0
3795,3093.0
3796,2468.0
3797,4415.0
3798,4415.0
3799,1583.5
3800,136.0
3801,1583.5
3802,3093.0
3803,3093.0
3804,1583.5
3805,1583.5
3806,2468.0
3807,4415.0
3808,3093.0
3809,4415.0
3810,671.5
3811,1583.5
3812,1583.5
3815,3093.0
3816,4415.0
3817,2468.0
3818,1583.5
3819,1583.5
3820,3093.0
3821,2468.0
3822,4215.5
3824,445.0
3825,4215.5
3826,1583.5
3827,1583.5
3828,3093.0
3829,671.5
3830,3093.0
3831,3093.0
3832,445.0
3833,255.5
3835,3093.0
3836,1583.5
3838,58.5
3839,3093.0
3840,1583.5
3841,58.5
3842,4026.5
3843,255.5
3844,2468.0
3845,3831.5
3846,4215.5
3847,58.5
3848,3093.0
3849,3093.0
3850,3093.0
3852,555.0
3853,445.0
3854,3093.0
3855,1583.5
3857,3093.0
3858,3093.0
3859,1583.5
3860,4215.5
3861,136.0
3862,3831.5
3863,58.5
3864,4415.0
3865,4215.5
3866,445.0
3867,58.5
3868,255.5
3869,4415.0
3870,3831.5
3871,3093.0
3872,4215.5
3873,1583.5
3875,1583.5
3876,4026.5
3877,1583.5
3878,3831.5
3879,4026.5
3880,3093.0
3881,3831.5
3882,1583.5
3883,445.0
3884,4415.0
3885,1583.5
3886,1583.5
3887,1583.5
3888,3093.0
3889,1583.5
3890,3093.0
3891,3831.5
3892,3093.0
3893,3093.0
3894,445.0
3895,445.0
3896,1583.5
3897,445.0
3898,1583.5
3899,1583.5
3900,1583.5
3901,4215.5
3902,3093.0
3903,1583.5
3904,4215.5
3905,1583.5
3906,1583.5
3908,1583.5
3909,3093.0
3910,3831.5
3911,3093.0
3912,3093.0
3913,1583.5
3914,1583.5
3915,3093.0
3916,1583.5
3917,255.5
3918,1583.5
3919,1583.5
3921,4415.0
3922,58.5
3923,136.0
3924,1583.5
3925,1583.5
3926,4415.0
3927,1583.5
3928,3093.0
3929,445.0
3931,671.5
3932,3093.0
3933,1583.5
3934,1583.5
3935,2468.0
3936,1583.5
3937,4026.5
3938,3093.0
3939,255.5
3941,1583.5
3942,3831.5
3943,4215.5
3944,4088.0
3945,3093.0
3946,1583.5
3947,4215.5
3949,255.5
3950,58.5
3951,445.0
3952,3093.0
3953,1583.5
3954,58.5
3955,3831.5
3956,4026.5
3957,671.5
3958,1583.5
3959,671.5
3960,3093.0
3961,445.0
3962,58.5
3963,58.5
3964,3093.0
3965,3093.0
3966,1583.5
3967,1583.5
3968,3831.5
3970,1583.5
3971,4215.5
3972,3093.0
3973,4215.5
3974,1583.5
3975,58.5
3976,1583.5
3978,3093.0
3979,255.5
3980,255.5
3981,4088.0
3982,1583.5
3983,1583.5
3984,255.5
3985,2468.0
3986,3093.0
3987,58.5
3988,1583.5
3989,4215.5
3990,4215.5
3991,671.5
3992,671.5
3993,2468.0
3994,1583.5
3995,2468.0
3996,445.0
3997,2468.0
3998,555.0
3999,1583.5
4000,255.5
4001,1583.5
4002,4215.5
4004,3093.0
4005,3093.0
4006,3093.0
4007,3093.0
4010,1583.5
4012,1583.5
4013,1583.5
4014,1583.5
4015,3093.0
4016,3093.0
4017,4415.0
4018,1583.5
4019,58.5
4020,3093.0
4021,136.0
4023,1583.5
4024,3831.5
4025,3093.0
4026,3831.5
4027,1583.5
4028,1583.5
4029,3093.0
4030,1583.5
4032,1583.5
4033,4026.5
4034,3093.0
4035,255.5
4036,3093.0
4038,3831.5
4039,4026.5
4040,3093.0
4042,136.0
4044,3831.5
4045,3831.5
4046,590.5
4048,3093.0
4050,1583.5
4051,4026.5
4052,3831.5
4053,2468.0
4054,2468.0
4055,445.0
4056,1583.5
4057,4215.5
4058,3093.0
4059,3093.0
4061,3093.0
4062,1583.5
4063,3093.0
4065,4415.0
4066,3093.0
4067,1583.5
4068,3093.0
4069,1583.5
4070,255.5
4071,3093.0
4072,1583.5
4073,1583.5
4075,4215.5
4076,255.5
4077,2468.0
4078,3831.5
4079,3093.0
4080,255.5
4081,3093.0
4082,3093.0
4083,3093.0
4085,1583.5
4086,3093.0
4087,1583.5
4088,4415.0
4089,3093.0
4090,3093.0
4091,445.0
4092,2468.0
4093,255.5
4094,1583.5
4095,3093.0
4096,3093.0
4097,3831.5
4098,4215.5
4099,3093.0
4101,1583.5
4102,671.5
4103,671.5
4104,590.5
4105,1583.5
4106,1583.5
4107,1583.5
4108,445.0
4109,4415.0
4110,4215.5
4111,3831.5
4112,671.5
4113,3093.0
4114,255.5
4115,445.0
4116,3093.0
4117,1583.5
4118,3831.5
4119,1583.5
4120,4026.5
4121,1583.5
4122,58.5
4123,3093.0
4124,1583.5
4125,3831.5
4127,1583.5
4128,4415.0
4129,3093.0
4130,1583.5
4132,3093.0
4133,3831.5
4134,1583.5
4135,4415.0
4136,3093.0
4137,1583.5
4138,3093.0
4139,4026.5
4140,671.5
4141,255.5
4142,1583.5
4143,1583.5
4144,1583.5
4145,3093.0
4146,1583.5
4147,3093.0
4148,1583.5
4149,2468.0
4150,3831.5
4151,1583.5
4153,3093.0
4154,1583.5
4155,445.0
4156,4415.0
4157,3831.5
4158,445.0
4159,255.5
4161,590.5
4162,1583.5
4163,1583.5
4164,1583.5
4165,671.5
4166,3093.0
4167,255.5
4168,590.5
4169,3093.0
4170,4215.5
4171,1583.5
4172,3093.0
4173,4415.0
4174,3831.5
4175,4026.5
4176,555.0
4177,2468.0
4178,4415.0
4179,3093.0
4180,255.5
4182,3093.0
4183,1583.5
4184,3093.0
4185,3831.5
4186,3093.0
4187,1583.5
4188,3831.5
4189,255.5
4190,3093.0
4191,4026.5
4193,1583.5
4194,136.0
4195,3093.0
4196,4215.5
4197,4415.0
4198,1583.5
4199,1583.5
4200,671.5
4202,445.0
4203,255.5
4204,4026.5
4205,1583.5
4207,1583.5
4208,3831.5
4209,671.5
4211,1583.5
4212,1583.5
4213,1583.5
4214,58.5
4216,3093.0
4217,255.5
4218,671.5
4220,671.5
4221,4215.5
4222,1583.5
4223,4026.5
4224,3093.0
4225,4026.5
4226,3831.5
4227,1583.5
4228,3093.0
4229,255.5
4231,1583.5
4233,3831.5
4234,445.0
4235,4026.5
4236,1583.5
4237,1583.5
4238,255.5
4239,3093.0
4240,3093.0
4241,4415.0
4242,3831.5
4243,445.0
4244,3831.5
4245,4415.0
4246,3093.0
4247,4026.5
4248,4215.5
4249,1583.5
4250,1583.5
4251,445.0
4252,4415.0
4253,3831.5
4255,58.5
4256,3093.0
4257,3093.0
4258,1583.5
4259,1583.5
4260,1583.5
4261,4215.5
4262,4415.0
4263,4026.5
4264,255.5
4265,4215.5
4266,2468.0
4267,3093.0
4268,4215.5
4269,1583.5
4270,1583.5
4271,1583.5
4272,3831.5
4273,445.0
4274,1583.5
4275,3093.0
4276,4215.5
4277,1583.5
4278,136.0
4279,3093.0
4280,3093.0
4281,1583.5
4282,4415.0
4283,255.5
4285,1583.5
4286,1583.5
4287,671.5
4288,1583.5
4289,3093.0
4290,1583.5
4291,4215.5
4292,3093.0
4293,3093.0
4294,3093.0
4295,4415.0
4296,3093.0
4297,1583.5
4298,3093.0
4299,1583.5
4300,445.0
4301,3093.0
4302,4215.5
4303,2468.0
4304,255.5
4305,255.5
4306,3093.0
4307,3093.0
4308,3093.0
4309,3093.0
4311,1583.5
4312,3831.5
4313,1583.5
4314,1583.5
4315,1583.5
4316,555.0
4317,58.5
4318,3831.5
4319,255.5
4320,3093.0
4321,3831.5
4322,1583.5
4323,1583.5
4325,1583.5
4326,1583.5
4327,4415.0
4328,4415.0
4329,1583.5
4330,1583.5
4331,1583.5
4332,3093.0
4333,3831.5
4334,255.5
4335,4215.5
4336,1583.5
4337,671.5
4338,3093.0
4339,3831.5
4340,255.5
4341,1583.5
4343,136.0
4344,3093.0
4345,4215.5
4346,255.5
4347,3093.0
4348,255.5
4349,3093.0
4350,3093.0
4351,255.5
4353,58.5
4355,4215.5
4356,1583.5
4357,1583.5
4358,4026.5
4359,4215.5
4360,3093.0
4362,58.5
4363,3093.0
4364,3093.0
4365,4026.5
4366,1583.5
4367,3093.0
4368,1583.5
4369,3831.5
4370,3093.0
4371,58.5
4373,4088.0
4374,58.5
4375,58.5
4376,3093.0
4377,4415.0
4378,3093.0
4379,3093.0
4380,3093.0
4381,3093.0
4382,4415.0
4383,58.5
4384,58.5
4385,590.5
4386,555.0
4387,445.0
4388,671.5
4389,3093.0
4390,2468.0
4391,4215.5
4392,4215.5
4393,555.0
4394,58.5
4395,1583.5
4396,1583.5
4397,1583.5
4398,1583.5
4399,4415.0
4400,1583.5
4401,3093.0
4402,255.5
4404,1583.5
4405,671.5
4406,4415.0
4407,3093.0
4408,1583.5
4409,1583.5
4410,3831.5
4411,1583.5
4412,1583.5
4413,3093.0
4414,3831.5
4415,3831.5
4416,4415.0
4417,3093.0
4418,4415.0
4419,1583.5
4421,4215.5
4423,2468.0
4425,4215.5
4426,4415.0
4428,445.0
4429,3831.5
4430,4215.5
4431,590.5
4432,4026.5
4433,255.5
4435,1583.5
4436,4215.5
4438,1583.5
4439,3093.0
4440,445.0
4441,2468.0
4442,3093.0
4443,4415.0
4444,3093.0
4445,3093.0
4446,3093.0
4449,4215.5
4450,3093.0
4451,3831.5
4452,3093.0
4453,1583.5
4454,3093.0
4455,3093.0
4456,255.5
4457,255.5
4458,555.0
4459,3093.0
4460,445.0
4461,445.0
4462,1583.5
4463,4215.5
4464,255.5
4465,3093.0
4466,3093.0
4467,3093.0
4468,1583.5
4470,4415.0
4471,555.0
4472,1583.5
4473,3831.5
4474,590.5
4475,3093.0
4477,4215.5
4478,3093.0
4479,1583.5
4480,1583.5
4481,3093.0
4482,3093.0
4483,3093.0
4484,58.5
4485,1583.5
4486,4215.5
4488,3093.0
4490,3093.0
4491,4415.0
4492,3093.0
4493,445.0
4494,3093.0
4495,4215.5
4496,1583.5
4498,1583.5
4499,1583.5
4501,3093.0
4502,1583.5
4503,58.5
4504,1583.5
4506,255.5
4507,671.5
4508,590.5
4509,445.0
4510,3831.5
4511,255.5
4512,3831.5
4513,1583.5
4514,4215.5
4515,4215.5
4516,255.5
4517,3831.5
4518,4215.5
4519,3093.0
4520,3093.0
4521,1583.5
4522,1583.5
4523,3831.5
4524,3831.5
4525,3093.0
4526,4215.5
4527,4415.0
4528,4026.5
4529,3831.5
4530,1583.5
4532,4215.5
4533,3093.0
4534,4415.0
4535,671.5
4536,3093.0
4537,1583.5
4538,3093.0
4539,4415.0
4540,3093.0
4541,445.0
4542,4415.0
4544,255.5
4545,1583.5
4546,3093.0
4547,1583.5
4549,3093.0
4550,1583.5
4551,3831.5
4552,3831.5
4553,255.5
4554,445.0
4555,445.0
4556,255.5
4557,1583.5
4558,1583.5
4560,2468.0
4561,136.0
4563,3093.0
4564,1583.5
4565,3093.0
4566,3831.5
4567,3831.5
4568,3831.5
4569,1583.5
4571,4415.0
4572,4026.5
4573,1583.5
4574,555.0
4575,3093.0
4576,445.0
4577,1583.5
4578,4415.0
4579,1583.5
4580,445.0
4581,4215.5
4582,671.5
4583,3831.5
4584,4215.5
4586,1583.5
4587,1583.5
4588,445.0
4589,4215.5
4590,3831.5
4591,3093.0
4592,3831.5
4593,3093.0
4594,1583.5
4597,3093.0
4598,3093.0
4599,4026.5
4600,445.0
4601,136.0
4602,671.5
4603,3831.5
4605,255.5
4607,1583.5
4608,255.5
4609,445.0
4610,4215.5
4611,3093.0
4613,4415.0
4614,3093.0
4615,3093.0
4616,4415.0
4617,3093.0
4618,3093.0
4619,4215.5
4620,4026.5
4621,3093.0
4622,3093.0
4623,255.5
4624,1583.5
4625,3831.5
4626,4215.5
4627,1583.5
4628,4215.5
4629,1583.5
4630,255.5
4631,3093.0
4632,3831.5
4634,3093.0
4635,255.5
4636,1583.5
4637,3831.5
4639,3831.5
4640,1583.5
4641,4215.5
4642,555.0
4643,3093.0
4644,255.5
4645,1583.5
4646,3831.5
4647,3093.0
4648,3093.0
4649,3093.0
4650,3831.5
4651,4215.5
4652,445.0
4653,255.5
4654,3093.0
4655,3093.0
4656,58.5
4657,58.5
4658,4415.0
4659,4215.5
4660,1583.5
4661,3831.5
4662,255.5
4663,4415.0
4664,1583.5
4665,4215.5
4666,3831.5
4667,445.0
4669,3831.5
4670,1583.5
4671,2468.0
4672,3831.5
4673,3093.0
4674,4215.5
4676,1583.5
4678,3093.0
4679,3831.5
4680,58.5
4681,4215.5
4682,4026.5
4683,1583.5
4684,3093.0
4685,4215.5
4686,3093.0
4687,2468.0
4688,3093.0
4689,255.5
4691,445.0
4692,3093.0
4693,1583.5
4694,3093.0
4695,1583.5
4696,1583.5
4697,3831.5
4698,3831.5
4699,3093.0
4700,445.0
4701,445.0
4702,4415.0
4703,1583.5
4704,4215.5
4705,3831.5
4706,255.5
4708,4026.5
4709,255.5
4710,4415.0
4711,3831.5
4712,3093.0
4713,3093.0
4714,1583.5
4715,3831.5
4716,3093.0
4717,1583.5
4718,445.0
4719,255.5
4720,1583.5
4721,255.5
4722,1583.5
4723,1583.5
4724,3093.0
4725,4415.0
4726,4215.5
4727,58.5
4728,1583.5
4729,445.0
4730,3831.5
4732,4415.0
4733,3093.0
4734,3093.0
4735,3831.5
4736,3093.0
4737,445.0
4738,3093.0
4739,3093.0
4740,3093.0
4741,3831.5
4742,1583.5
4743,1583.5
4744,3093.0
4745,3093.0
4746,4415.0
4747,4026.5
4748,445.0
4749,3831.5
4750,4415.0
4751,255.5
4752,3093.0
4753,3093.0
4755,4088.0
4756,1583.5
4757,671.5
4758,4215.5
4759,4215.5
4761,4415.0
4763,4415.0
4764,136.0
4765,3831.5
4766,3831.5
4767,4026.5
4768,255.5
4769,4215.5
4770,4415.0
4771,3831.5
4773,136.0
4774,4415.0
4775,4215.5
4776,4215.5
4777,2468.0
4778,1583.5
4779,1583.5
4780,3093.0
4781,4415.0
4782,445.0
4783,555.0
4784,58.5
4785,3093.0
4786,3093.0
4787,3831.5
4788,3093.0
4789,3093.0
4790,1583.5
4791,4415.0
4792,4215.5
4793,1583.5
4794,3093.0
4795,4026.5
4796,1583.5
4797,3831.5
4798,136.0
4799,136.0
4800,3093.0
4801,4215.5
4802,1583.5
4803,1583.5
4804,3831.5
4805,3093.0
4806,671.5
4807,3831.5
4808,3093.0
4809,4215.5
4810,3093.0
4811,3831.5
4812,4415.0
4813,4215.5
4814,671.5
4815,3093.0
4816,3831.5
4817,1583.5
4818,3093.0
4820,3093.0
4821,3831.5
4822,4415.0
4823,3093.0
4824,1583.5
4825,1583.5
4826,1583.5
4827,3831.5
4828,58.5
4830,4415.0
4831,4415.0
4832,3093.0
4833,1583.5
4834,4088.0
4836,3093.0
4838,671.5
4839,445.0
4840,2468.0
4841,1583.5
4843,4215.5
4844,255.5
4845,3093.0
4846,1583.5
4847,3831.5
4848,1583.5
4849,1583.5
4850,3093.0
4851,445.0
4852,590.5
4853,4215.5
4854,1583.5
4855,4415.0
4856,3831.5
4857,1583.5
4858,671.5
4859,4215.5
4860,1583.5
4861,3093.0
4863,2468.0
4864,3831.5
4865,1583.5
4866,2468.0
4867,4415.0
4868,1583.5
4869,1583.5
4870,555.0
4871,3093.0
4873,1583.5
4874,1583.5
4875,445.0
4876,3093.0
4877,4215.5
4878,4415.0
4879,255.5
4880,2468.0
4881,4215.5
4882,1583.5
4883,3093.0
4884,1583.5
4885,3093.0
4886,255.5
4887,1583.5
4888,445.0
4889,1583.5
4890,3831.5
4891,3093.0
4892,3831.5
4893,1583.5
4894,1583.5
4895,3093.0
4896,3093.0
4897,3831.5
4898,1583.5
4899,3831.5
4900,136.0
4901,4415.0
4902,1583.5
4904,3831.5
4905,255.5
4906,3093.0
4908,4215.5
4909,136.0
4910,3093.0
4911,2468.0
4912,445.0
4913,3093.0
4914,1583.5
4915,4415.0
4916,3831.5
4917,1583.5
4918,3093.0
4919,3831.5
4920,3093.0
4921,445.0
4922,3831.5
4923,3093.0
4924,1583.5
4925,255.5
4926,3831.5
4927,1583.5
4928,3831.5
4929,4415.0
4930,3093.0
4931,3831.5
4932,4026.5
4933,4215.5
4934,3093.0
4935,4415.0
4936,3093.0
4937,3093.0
4939,1583.5
4940,255.5
4941,3093.0
4943,255.5
4944,3093.0
4945,3831.5
4946,1583.5
4947,4415.0
4949,58.5
4950,3093.0
4951,58.5
4952,3093.0
4953,4415.0
4954,3831.5
4955,1583.5
4956,3093.0
4957,4026.5
4959,3831.5
4960,3831.5
4961,58.5
4962,3093.0
4963,445.0
4965,1583.5
4966,1583.5
4967,3093.0
4968,4088.0
4971,445.0
4972,1583.5
4973,3093.0
4974,3831.5
4975,4415.0
4976,671.5
4977,445.0
4978,1583.5
4979,3093.0
4980,136.0
4981,58.5
4982,3831.5
4983,136.0
4984,4026.5
4985,4415.0
4986,1583.5
4987,1583.5
4988,2468.0
4989,2468.0
4990,3831.5
4991,2468.0
4992,590.5
4993,3093.0
4994,3093.0
4995,58.5
4997,4215.5
4998,4088.0
4999,1583.5
