id,att_covid,att_vaccine,att_safety,vaccine
0,6.0,6.0,6.0,1.0
1,6.0,6.0,6.0,1.0
2,6.0,6.0,6.0,0.0
3,6.0,6.0,6.0,1.0
4,6.0,6.0,6.0,1.0
5,6.0,6.0,6.0,1.0
6,6.0,6.0,6.0,1.0
7,6.0,6.0,6.0,1.0
8,6.0,6.0,6.0,1.0
9,6.0,6.0,6.0,0.0
10,6.0,6.0,6.0,1.0
11,7.0,6.0,6.0,1.0
12,7.0,6.0,6.0,1.0
13,7.0,6.0,6.0,1.0
14,7.0,6.0,6.0,0.0
15,6.0,6.0,6.0,1.0
16,7.0,6.0,6.0,1.0
17,6.0,6.0,6.0,1.0
18,6.0,6.0,6.0,0.0
19,6.0,6.0,6.0,1.0
20,6.0,6.0,6.0,1.0
21,6.0,6.0,6.0,1.0
22,6.0,6.0,6.0,0.0
23,6.0,6.0,6.0,1.0
24,6.0,6.0,6.0,1.0
25,6.0,5.0,5.0,1.0
26,6.0,6.0,6.0,1.0
27,7.0,6.0,6.0,1.0
28,6.0,6.0,6.0,0.0
29,7.0,6.0,6.0,1.0
30,7.0,6.0,6.0,0.0
31,7.0,6.0,6.0,1.0
32,6.0,6.0,6.0,1.0
33,6.0,6.0,6.0,0.0
34,6.0,6.0,6.0,1.0
35,6.0,6.0,6.0,1.0
36,6.0,6.0,6.0,1.0
37,,,,
38,6.0,6.0,6.0,1.0
39,6.0,6.0,6.0,1.0
40,6.0,6.0,6.0,1.0
41,6.0,6.0,6.0,1.0
42,6.0,6.0,6.0,1.0
43,6.0,6.0,6.0,1.0
44,6.0,6.0,6.0,0.0
45,6.0,6.0,6.0,0.0
46,6.0,6.0,6.0,1.0
47,6.0,6.0,6.0,1.0
48,7.0,6.0,6.0,1.0
49,7.0,6.0,6.0,1.0
50,6.0,6.0,6.0,1.0
51,7.0,6.0,6.0,1.0
52,6.0,6.0,6.0,1.0
53,6.0,6.0,6.0,1.0
54,6.0,6.0,6.0,0.0
55,6.0,6.0,6.0,0.0
56,6.0,6.0,6.0,0.0
57,6.0,6.0,6.0,1.0
58,6.0,6.0,6.0,1.0
59,7.0,6.0,6.0,1.0
60,6.0,6.0,6.0,0.0
61,6.0,6.0,6.0,1.0
62,6.0,6.0,6.0,0.0
63,6.0,6.0,6.0,1.0
64,7.0,6.0,6.0,1.0
65,7.0,6.0,6.0,0.0
66,7.0,6.0,6.0,0.0
67,7.0,6.0,6.0,0.0
68,7.0,6.0,6.0,1.0
69,7.0,6.0,6.0,0.0
70,7.0,6.0,6.0,0.0
71,7.0,6.0,6.0,0.0
72,6.0,6.0,6.0,0.0
73,6.0,6.0,6.0,1.0
74,6.0,6.0,6.0,1.0
75,6.0,6.0,6.0,0.0
76,6.0,6.0,6.0,0.0
77,7.0,6.0,6.0,1.0
78,6.0,6.0,6.0,1.0
79,6.0,6.0,6.0,0.0
80,6.0,6.0,6.0,1.0
81,6.0,6.0,6.0,1.0
82,6.0,6.0,6.0,1.0
83,6.0,6.0,6.0,1.0
84,6.0,6.0,6.0,1.0
85,6.0,6.0,6.0,1.0
86,6.0,6.0,6.0,1.0
87,6.0,6.0,6.0,0.0
88,6.0,6.0,6.0,0.0
89,6.0,6.0,6.0,0.0
90,6.0,6.0,6.0,1.0
91,6.0,6.0,6.0,1.0
92,7.0,6.0,6.0,0.0
93,6.0,6.0,6.0,1.0
94,7.0,6.0,6.0,1.0
95,7.0,6.0,6.0,1.0
96,6.0,6.0,6.0,1.0
97,6.0,6.0,6.0,1.0
98,6.0,6.0,6.0,1.0
99,6.0,6.0,6.0,0.0
100,6.0,6.0,6.0,1.0
101,6.0,6.0,6.0,1.0
102,6.0,6.0,6.0,1.0
103,6.0,6.0,6.0,0.0
104,6.0,6.0,6.0,0.0
105,6.0,6.0,6.0,1.0
106,6.0,6.0,6.0,0.0
107,7.0,6.0,6.0,1.0
108,6.0,6.0,6.0,1.0
109,6.0,6.0,6.0,0.0
110,6.0,6.0,5.0,0.0
111,6.0,6.0,6.0,1.0
112,7.0,6.0,6.0,1.0
113,7.0,7.0,6.0,0.0
114,7.0,7.0,6.0,0.0
115,7.0,6.0,6.0,0.0
116,6.0,6.0,6.0,1.0
117,7.0,6.0,7.0,0.0
118,6.0,6.0,6.0,1.0
119,7.0,6.0,6.0,1.0
120,6.0,6.0,6.0,1.0
121,6.0,6.0,6.0,0.0
122,6.0,6.0,6.0,1.0
123,6.0,6.0,6.0,1.0
124,7.0,6.0,6.0,1.0
125,,,,
126,7.0,6.0,6.0,0.0
127,,,,
128,7.0,6.0,6.0,1.0
129,,,,
130,7.0,6.0,7.0,1.0
131,6.0,6.0,6.0,0.0
132,6.0,6.0,6.0,1.0
133,7.0,6.0,6.0,0.0
134,7.0,6.0,6.0,0.0
135,,,,
136,6.0,6.0,6.0,0.0
137,6.0,6.0,6.0,0.0
138,6.0,6.0,6.0,0.0
139,6.0,6.0,6.0,1.0
140,6.0,6.0,6.0,1.0
141,6.0,6.0,6.0,0.0
142,6.0,6.0,6.0,1.0
143,6.0,6.0,6.0,1.0
144,6.0,6.0,6.0,0.0
145,6.0,6.0,6.0,0.0
146,6.0,6.0,6.0,1.0
147,6.0,6.0,6.0,0.0
148,7.0,6.0,6.0,1.0
149,6.0,6.0,6.0,0.0
150,6.0,6.0,6.0,1.0
151,,,,
152,6.0,6.0,6.0,1.0
153,6.0,6.0,6.0,1.0
154,6.0,6.0,6.0,1.0
155,6.0,6.0,6.0,1.0
156,7.0,6.0,6.0,0.0
157,7.0,6.0,6.0,0.0
158,7.0,6.0,6.0,1.0
159,6.0,6.0,6.0,0.0
160,6.0,6.0,6.0,1.0
161,6.0,6.0,6.0,1.0
162,6.0,6.0,6.0,1.0
163,6.0,6.0,6.0,1.0
164,7.0,6.0,6.0,0.0
165,6.0,6.0,6.0,1.0
166,6.0,6.0,6.0,1.0
167,6.0,6.0,6.0,1.0
168,6.0,6.0,6.0,1.0
169,6.0,6.0,6.0,0.0
170,6.0,6.0,6.0,1.0
171,6.0,6.0,6.0,0.0
172,7.0,6.0,6.0,1.0
173,6.0,6.0,6.0,0.0
174,7.0,6.0,6.0,1.0
175,6.0,6.0,6.0,0.0
176,6.0,6.0,6.0,0.0
177,6.0,6.0,6.0,0.0
178,6.0,6.0,6.0,1.0
179,6.0,6.0,6.0,1.0
180,6.0,6.0,6.0,1.0
181,6.0,6.0,6.0,0.0
182,6.0,6.0,6.0,0.0
183,6.0,6.0,6.0,0.0
184,6.0,6.0,6.0,1.0
185,7.0,6.0,6.0,1.0
186,6.0,6.0,5.0,1.0
187,6.0,6.0,6.0,1.0
188,6.0,6.0,6.0,1.0
189,6.0,6.0,6.0,1.0
190,6.0,6.0,6.0,0.0
191,,,,
192,6.0,6.0,6.0,1.0
193,7.0,6.0,6.0,1.0
194,7.0,6.0,6.0,0.0
195,6.0,6.0,6.0,0.0
196,7.0,6.0,6.0,1.0
197,7.0,6.0,6.0,0.0
198,,,,
199,6.0,6.0,6.0,1.0
200,6.0,6.0,6.0,0.0
201,6.0,6.0,6.0,0.0
202,7.0,6.0,7.0,1.0
203,7.0,6.0,6.0,1.0
204,7.0,6.0,6.0,0.0
205,7.0,6.0,6.0,1.0
206,7.0,6.0,6.0,1.0
207,7.0,6.0,6.0,0.0
208,6.0,6.0,6.0,0.0
209,6.0,6.0,6.0,1.0
210,6.0,6.0,6.0,1.0
211,6.0,5.0,5.0,0.0
212,,,,
213,6.0,6.0,6.0,1.0
214,6.0,6.0,6.0,1.0
215,6.0,6.0,6.0,0.0
216,6.0,6.0,6.0,0.0
217,7.0,6.0,6.0,0.0
218,6.0,6.0,6.0,1.0
219,6.0,6.0,6.0,1.0
220,6.0,6.0,6.0,1.0
221,,,,
222,7.0,6.0,6.0,1.0
223,7.0,6.0,6.0,0.0
224,6.0,6.0,6.0,0.0
225,7.0,6.0,6.0,1.0
226,7.0,6.0,6.0,1.0
227,6.0,6.0,6.0,1.0
228,6.0,6.0,6.0,1.0
229,6.0,6.0,6.0,1.0
230,6.0,6.0,6.0,0.0
231,,,,
232,7.0,6.0,6.0,1.0
233,7.0,6.0,6.0,0.0
234,7.0,6.0,6.0,1.0
235,6.0,6.0,6.0,0.0
236,7.0,6.0,6.0,1.0
237,7.0,6.0,6.0,1.0
238,7.0,6.0,6.0,1.0
239,7.0,6.0,6.0,1.0
240,6.0,6.0,6.0,1.0
241,6.0,6.0,6.0,1.0
242,6.0,6.0,6.0,1.0
243,6.0,6.0,6.0,1.0
244,6.0,6.0,6.0,0.0
245,7.0,6.0,6.0,1.0
246,7.0,6.0,6.0,0.0
247,7.0,6.0,6.0,1.0
248,7.0,7.0,7.0,0.0
249,7.0,6.0,7.0,0.0
250,7.0,6.0,7.0,1.0
251,7.0,7.0,7.0,1.0
252,7.0,6.0,6.0,1.0
253,6.0,6.0,6.0,1.0
254,6.0,6.0,6.0,1.0
255,7.0,6.0,6.0,1.0
256,6.0,6.0,6.0,1.0
257,6.0,6.0,6.0,0.0
258,6.0,6.0,6.0,1.0
259,6.0,6.0,6.0,1.0
260,7.0,6.0,6.0,1.0
261,6.0,6.0,6.0,1.0
262,7.0,6.0,6.0,0.0
263,6.0,6.0,6.0,1.0
264,6.0,6.0,6.0,0.0
265,6.0,5.0,5.0,1.0
266,6.0,6.0,6.0,1.0
267,6.0,5.0,5.0,0.0
268,6.0,6.0,6.0,1.0
269,6.0,6.0,6.0,0.0
270,6.0,6.0,6.0,0.0
271,6.0,6.0,6.0,1.0
272,7.0,6.0,6.0,0.0
273,7.0,6.0,6.0,1.0
274,,,,
275,,,,
276,7.0,6.0,6.0,0.0
277,,,,
278,7.0,6.0,6.0,1.0
279,7.0,6.0,6.0,0.0
280,6.0,6.0,6.0,0.0
281,,,,
282,,,,
283,6.0,6.0,6.0,0.0
284,6.0,6.0,6.0,1.0
285,6.0,6.0,6.0,0.0
286,6.0,6.0,6.0,1.0
287,6.0,6.0,6.0,0.0
288,6.0,6.0,6.0,0.0
289,6.0,6.0,6.0,1.0
290,6.0,6.0,6.0,0.0
291,6.0,6.0,6.0,1.0
292,6.0,6.0,6.0,0.0
293,6.0,6.0,6.0,1.0
294,6.0,6.0,6.0,1.0
295,6.0,6.0,6.0,1.0
296,7.0,6.0,6.0,1.0
297,7.0,6.0,6.0,1.0
298,7.0,6.0,6.0,0.0
299,7.0,6.0,6.0,0.0
300,6.0,6.0,6.0,1.0
301,6.0,6.0,6.0,1.0
302,6.0,6.0,6.0,1.0
303,7.0,6.0,6.0,0.0
304,,,,
305,6.0,6.0,6.0,1.0
306,6.0,6.0,6.0,0.0
307,6.0,6.0,6.0,1.0
308,6.0,6.0,6.0,1.0
309,6.0,6.0,6.0,1.0
310,7.0,6.0,6.0,1.0
311,6.0,6.0,6.0,1.0
312,6.0,6.0,6.0,1.0
313,6.0,6.0,5.0,0.0
314,6.0,6.0,6.0,0.0
315,5.0,5.0,5.0,0.0
316,6.0,6.0,6.0,1.0
317,6.0,6.0,6.0,1.0
318,6.0,6.0,6.0,1.0
319,6.0,6.0,6.0,1.0
320,7.0,6.0,6.0,1.0
321,,,,
322,,,,
323,7.0,7.0,7.0,1.0
324,,,,
325,6.0,6.0,6.0,1.0
326,,,,
327,6.0,6.0,6.0,1.0
328,6.0,6.0,6.0,0.0
329,6.0,6.0,6.0,1.0
330,6.0,6.0,6.0,1.0
331,6.0,6.0,6.0,0.0
332,7.0,6.0,6.0,1.0
333,7.0,6.0,6.0,1.0
334,6.0,6.0,6.0,1.0
335,7.0,6.0,6.0,1.0
336,6.0,6.0,6.0,1.0
337,6.0,6.0,6.0,1.0
338,6.0,6.0,6.0,1.0
339,6.0,6.0,6.0,0.0
340,6.0,6.0,6.0,0.0
341,6.0,6.0,6.0,1.0
342,6.0,6.0,6.0,1.0
343,6.0,6.0,6.0,1.0
344,7.0,6.0,6.0,0.0
345,6.0,6.0,6.0,1.0
346,6.0,6.0,6.0,1.0
347,7.0,6.0,6.0,1.0
348,6.0,6.0,6.0,0.0
349,6.0,6.0,6.0,1.0
350,,,,
351,6.0,6.0,6.0,0.0
352,6.0,6.0,6.0,1.0
353,6.0,6.0,6.0,1.0
354,,,,
355,6.0,6.0,6.0,1.0
356,,,,
357,,,,
358,6.0,6.0,6.0,0.0
359,6.0,6.0,6.0,0.0
360,6.0,6.0,6.0,0.0
361,6.0,6.0,6.0,1.0
362,6.0,6.0,6.0,0.0
363,6.0,6.0,6.0,1.0
364,7.0,6.0,6.0,1.0
365,6.0,7.0,6.0,1.0
366,7.0,6.0,6.0,0.0
367,6.0,6.0,6.0,1.0
368,6.0,6.0,5.0,1.0
369,6.0,6.0,6.0,0.0
370,6.0,6.0,6.0,0.0
371,6.0,6.0,6.0,0.0
372,6.0,6.0,6.0,1.0
373,6.0,6.0,6.0,0.0
374,6.0,6.0,6.0,0.0
375,,,,
376,6.0,5.0,5.0,0.0
377,6.0,5.0,6.0,0.0
378,6.0,5.0,5.0,1.0
379,6.0,5.0,5.0,0.0
380,,,,
381,6.0,6.0,7.0,1.0
382,6.0,6.0,6.0,1.0
383,6.0,6.0,6.0,0.0
384,6.0,6.0,6.0,1.0
385,7.0,6.0,6.0,0.0
386,,,,
387,7.0,7.0,6.0,1.0
388,5.0,5.0,6.0,1.0
389,6.0,6.0,6.0,1.0
390,6.0,6.0,6.0,1.0
391,6.0,6.0,6.0,0.0
392,6.0,6.0,6.0,1.0
393,6.0,6.0,6.0,0.0
394,,,,
395,,,,
396,6.0,6.0,6.0,1.0
397,6.0,6.0,6.0,0.0
398,6.0,6.0,6.0,1.0
399,6.0,6.0,6.0,1.0
400,,,,
401,6.0,6.0,6.0,0.0
402,7.0,6.0,6.0,1.0
403,6.0,6.0,6.0,1.0
404,6.0,6.0,6.0,1.0
405,,,,
406,7.0,6.0,6.0,1.0
407,6.0,6.0,6.0,0.0
408,6.0,6.0,6.0,1.0
409,7.0,6.0,6.0,0.0
410,6.0,6.0,6.0,1.0
411,6.0,6.0,6.0,1.0
412,7.0,6.0,6.0,1.0
413,6.0,6.0,6.0,1.0
414,6.0,6.0,6.0,0.0
415,6.0,6.0,6.0,0.0
416,6.0,6.0,6.0,0.0
417,7.0,6.0,6.0,1.0
418,6.0,6.0,6.0,1.0
419,6.0,6.0,6.0,1.0
420,6.0,6.0,6.0,1.0
421,6.0,6.0,6.0,1.0
422,6.0,6.0,6.0,1.0
423,6.0,6.0,6.0,1.0
424,6.0,6.0,6.0,1.0
425,6.0,6.0,6.0,1.0
426,6.0,6.0,6.0,1.0
427,6.0,6.0,6.0,0.0
428,7.0,6.0,6.0,0.0
429,7.0,6.0,6.0,0.0
430,6.0,6.0,6.0,1.0
431,,,,
432,7.0,6.0,6.0,1.0
433,6.0,6.0,6.0,0.0
434,6.0,6.0,6.0,1.0
435,6.0,6.0,6.0,1.0
436,6.0,6.0,6.0,0.0
437,6.0,6.0,6.0,1.0
438,6.0,6.0,6.0,1.0
439,6.0,6.0,6.0,0.0
440,6.0,6.0,6.0,0.0
441,6.0,6.0,6.0,0.0
442,6.0,6.0,6.0,1.0
443,,,,
444,,,,
445,6.0,6.0,6.0,1.0
446,6.0,6.0,6.0,1.0
447,6.0,6.0,6.0,1.0
448,6.0,6.0,6.0,1.0
449,7.0,6.0,6.0,1.0
450,7.0,6.0,6.0,1.0
451,7.0,6.0,6.0,0.0
452,6.0,6.0,6.0,0.0
453,7.0,6.0,6.0,1.0
454,6.0,6.0,6.0,1.0
455,,,,
456,7.0,6.0,6.0,1.0
457,6.0,6.0,6.0,0.0
458,7.0,6.0,6.0,1.0
459,6.0,6.0,6.0,0.0
460,6.0,6.0,6.0,0.0
461,7.0,6.0,6.0,1.0
462,7.0,7.0,7.0,0.0
463,7.0,6.0,7.0,0.0
464,6.0,6.0,6.0,1.0
465,7.0,6.0,6.0,0.0
466,6.0,6.0,6.0,1.0
467,7.0,6.0,6.0,1.0
468,6.0,6.0,6.0,1.0
469,7.0,6.0,6.0,0.0
470,6.0,5.0,6.0,1.0
471,6.0,6.0,6.0,0.0
472,6.0,6.0,6.0,1.0
473,6.0,6.0,6.0,0.0
474,7.0,7.0,6.0,1.0
475,6.0,6.0,6.0,1.0
476,6.0,5.0,6.0,1.0
477,6.0,6.0,5.0,0.0
478,6.0,6.0,5.0,1.0
479,7.0,6.0,6.0,1.0
480,7.0,6.0,7.0,1.0
481,7.0,6.0,6.0,1.0
482,,,,
483,7.0,6.0,6.0,1.0
484,6.0,6.0,6.0,1.0
485,,,,
486,7.0,7.0,6.0,1.0
487,6.0,6.0,6.0,1.0
488,6.0,6.0,6.0,1.0
489,6.0,6.0,6.0,1.0
490,6.0,6.0,6.0,1.0
491,7.0,6.0,6.0,1.0
492,6.0,6.0,6.0,1.0
493,6.0,6.0,6.0,1.0
494,6.0,5.0,5.0,1.0
495,6.0,6.0,6.0,0.0
496,7.0,6.0,6.0,0.0
497,6.0,6.0,6.0,1.0
498,,,,
499,6.0,6.0,6.0,1.0
500,6.0,6.0,6.0,0.0
501,6.0,6.0,6.0,0.0
502,6.0,6.0,6.0,1.0
503,7.0,6.0,6.0,1.0
504,6.0,6.0,6.0,1.0
505,6.0,6.0,6.0,0.0
506,6.0,6.0,6.0,0.0
507,6.0,6.0,6.0,0.0
508,6.0,6.0,6.0,0.0
509,6.0,6.0,6.0,1.0
510,6.0,6.0,6.0,0.0
511,6.0,6.0,7.0,1.0
512,7.0,6.0,6.0,1.0
513,,,,
514,7.0,6.0,6.0,0.0
515,,,,
516,7.0,6.0,6.0,0.0
517,6.0,6.0,6.0,1.0
518,6.0,6.0,5.0,1.0
519,,,,
520,6.0,6.0,6.0,1.0
521,6.0,6.0,6.0,0.0
522,6.0,6.0,6.0,0.0
523,7.0,6.0,6.0,1.0
524,6.0,6.0,6.0,1.0
525,6.0,6.0,6.0,0.0
526,6.0,6.0,6.0,1.0
527,7.0,6.0,6.0,0.0
528,,,,
529,7.0,6.0,6.0,1.0
530,6.0,6.0,6.0,0.0
531,6.0,6.0,6.0,0.0
532,7.0,6.0,6.0,1.0
533,,,,
534,6.0,6.0,6.0,1.0
535,6.0,6.0,6.0,1.0
536,6.0,6.0,6.0,0.0
537,6.0,6.0,6.0,0.0
538,6.0,6.0,6.0,0.0
539,7.0,6.0,6.0,1.0
540,6.0,6.0,6.0,0.0
541,6.0,6.0,6.0,1.0
542,6.0,6.0,6.0,1.0
543,6.0,6.0,6.0,0.0
544,6.0,6.0,6.0,0.0
545,6.0,6.0,6.0,1.0
546,7.0,6.0,6.0,0.0
547,6.0,6.0,6.0,1.0
548,7.0,6.0,6.0,1.0
549,7.0,6.0,6.0,0.0
550,6.0,6.0,6.0,1.0
551,7.0,6.0,6.0,1.0
552,6.0,6.0,6.0,1.0
553,6.0,5.0,5.0,0.0
554,6.0,6.0,6.0,1.0
555,7.0,6.0,6.0,1.0
556,,,,
557,,,,
558,7.0,6.0,6.0,1.0
559,,,,
560,6.0,6.0,6.0,1.0
561,6.0,6.0,6.0,1.0
562,7.0,7.0,7.0,0.0
563,6.0,6.0,6.0,1.0
564,6.0,6.0,6.0,1.0
565,7.0,6.0,6.0,1.0
566,6.0,6.0,6.0,0.0
567,6.0,5.0,6.0,0.0
568,7.0,6.0,6.0,1.0
569,7.0,6.0,6.0,1.0
570,7.0,6.0,6.0,1.0
571,6.0,6.0,6.0,1.0
572,7.0,6.0,6.0,0.0
573,6.0,6.0,6.0,1.0
574,7.0,6.0,6.0,1.0
575,6.0,6.0,5.0,0.0
576,6.0,6.0,6.0,1.0
577,7.0,6.0,6.0,1.0
578,6.0,6.0,6.0,1.0
579,6.0,6.0,6.0,0.0
580,7.0,7.0,7.0,0.0
581,6.0,7.0,6.0,0.0
582,6.0,6.0,6.0,1.0
583,6.0,6.0,6.0,1.0
584,6.0,6.0,6.0,1.0
585,7.0,6.0,6.0,1.0
586,7.0,7.0,6.0,1.0
587,6.0,6.0,6.0,1.0
588,,,,
589,6.0,6.0,6.0,1.0
590,6.0,6.0,6.0,1.0
591,,,,
592,6.0,6.0,6.0,1.0
593,6.0,6.0,6.0,1.0
594,6.0,5.0,5.0,1.0
595,6.0,6.0,6.0,1.0
596,7.0,6.0,6.0,1.0
597,5.0,5.0,6.0,1.0
598,6.0,6.0,6.0,1.0
599,6.0,6.0,6.0,0.0
600,7.0,6.0,7.0,1.0
601,6.0,6.0,6.0,1.0
602,6.0,6.0,6.0,1.0
603,7.0,6.0,6.0,0.0
604,6.0,6.0,6.0,1.0
605,6.0,6.0,6.0,1.0
606,6.0,6.0,6.0,0.0
607,,,,
608,6.0,5.0,5.0,0.0
609,7.0,6.0,6.0,0.0
610,6.0,6.0,6.0,1.0
611,7.0,6.0,6.0,1.0
612,7.0,7.0,6.0,1.0
613,7.0,6.0,6.0,0.0
614,7.0,6.0,6.0,1.0
615,6.0,6.0,6.0,1.0
616,6.0,6.0,6.0,0.0
617,7.0,6.0,6.0,1.0
618,6.0,6.0,6.0,1.0
619,6.0,6.0,6.0,1.0
620,6.0,6.0,6.0,1.0
621,7.0,6.0,6.0,1.0
622,6.0,6.0,6.0,1.0
623,,,,
624,6.0,6.0,6.0,0.0
625,,,,
626,6.0,6.0,6.0,1.0
627,7.0,6.0,6.0,1.0
628,7.0,6.0,6.0,0.0
629,6.0,6.0,6.0,1.0
630,7.0,6.0,6.0,0.0
631,6.0,6.0,6.0,1.0
632,6.0,6.0,6.0,1.0
633,6.0,6.0,6.0,1.0
634,6.0,6.0,6.0,1.0
635,6.0,7.0,6.0,1.0
636,7.0,6.0,6.0,1.0
637,6.0,6.0,6.0,1.0
638,6.0,7.0,7.0,0.0
639,6.0,6.0,6.0,1.0
640,,,,
641,6.0,6.0,6.0,0.0
642,,,,
643,7.0,6.0,6.0,0.0
644,6.0,6.0,6.0,0.0
645,6.0,6.0,5.0,1.0
646,6.0,6.0,6.0,1.0
647,6.0,6.0,6.0,1.0
648,7.0,6.0,6.0,1.0
649,6.0,6.0,5.0,1.0
650,6.0,6.0,6.0,1.0
651,6.0,6.0,6.0,0.0
652,6.0,6.0,6.0,1.0
653,6.0,5.0,6.0,0.0
654,6.0,6.0,6.0,1.0
655,6.0,6.0,6.0,0.0
656,,,,
657,6.0,6.0,6.0,1.0
658,7.0,6.0,6.0,1.0
659,7.0,6.0,6.0,1.0
660,6.0,6.0,6.0,1.0
661,7.0,6.0,6.0,0.0
662,7.0,7.0,7.0,1.0
663,,,,
664,7.0,6.0,6.0,0.0
665,7.0,6.0,6.0,1.0
666,6.0,6.0,6.0,1.0
667,,,,
668,7.0,6.0,6.0,1.0
669,7.0,6.0,6.0,1.0
670,6.0,6.0,6.0,0.0
671,6.0,6.0,6.0,0.0
672,7.0,6.0,6.0,0.0
673,6.0,6.0,6.0,1.0
674,7.0,7.0,6.0,0.0
675,6.0,6.0,6.0,1.0
676,6.0,5.0,6.0,0.0
677,7.0,6.0,6.0,0.0
678,6.0,6.0,6.0,1.0
679,7.0,6.0,6.0,1.0
680,7.0,6.0,6.0,1.0
681,7.0,6.0,6.0,1.0
682,6.0,6.0,5.0,1.0
683,7.0,6.0,7.0,1.0
684,6.0,6.0,6.0,0.0
685,6.0,6.0,6.0,1.0
686,7.0,6.0,6.0,0.0
687,6.0,6.0,6.0,1.0
688,7.0,6.0,6.0,1.0
689,6.0,6.0,6.0,1.0
690,6.0,6.0,6.0,1.0
691,7.0,6.0,6.0,0.0
692,6.0,6.0,6.0,0.0
693,7.0,6.0,6.0,0.0
694,6.0,5.0,5.0,1.0
695,6.0,6.0,6.0,1.0
696,7.0,7.0,7.0,1.0
697,6.0,6.0,6.0,0.0
698,6.0,6.0,6.0,1.0
699,,,,
700,7.0,6.0,6.0,1.0
701,6.0,6.0,5.0,1.0
702,7.0,6.0,6.0,1.0
703,7.0,6.0,6.0,1.0
704,7.0,6.0,6.0,1.0
705,6.0,6.0,6.0,1.0
706,7.0,6.0,6.0,1.0
707,7.0,6.0,6.0,0.0
708,6.0,5.0,5.0,1.0
709,,,,
710,6.0,5.0,6.0,1.0
711,6.0,6.0,6.0,0.0
712,6.0,6.0,6.0,1.0
713,6.0,6.0,6.0,1.0
714,6.0,6.0,6.0,1.0
715,6.0,6.0,6.0,1.0
716,7.0,6.0,6.0,1.0
717,7.0,6.0,7.0,1.0
718,7.0,6.0,6.0,1.0
719,7.0,6.0,6.0,0.0
720,6.0,6.0,6.0,1.0
721,6.0,6.0,6.0,1.0
722,,,,
723,,,,
724,,,,
725,6.0,6.0,6.0,0.0
726,6.0,6.0,6.0,1.0
727,6.0,6.0,6.0,1.0
728,7.0,6.0,6.0,1.0
729,6.0,6.0,6.0,0.0
730,7.0,6.0,6.0,1.0
731,6.0,6.0,6.0,1.0
732,7.0,6.0,6.0,1.0
733,6.0,6.0,6.0,0.0
734,7.0,6.0,6.0,1.0
735,6.0,6.0,7.0,1.0
736,6.0,6.0,5.0,1.0
737,7.0,6.0,6.0,0.0
738,6.0,7.0,7.0,1.0
739,6.0,6.0,6.0,1.0
740,6.0,6.0,6.0,1.0
741,6.0,6.0,6.0,1.0
742,6.0,6.0,6.0,0.0
743,7.0,6.0,6.0,1.0
744,6.0,6.0,6.0,0.0
745,6.0,6.0,6.0,1.0
746,6.0,6.0,6.0,1.0
747,6.0,6.0,5.0,1.0
748,6.0,6.0,6.0,1.0
749,7.0,6.0,6.0,0.0
750,7.0,6.0,6.0,0.0
751,6.0,6.0,6.0,0.0
752,6.0,6.0,6.0,1.0
753,6.0,5.0,6.0,1.0
754,6.0,6.0,6.0,1.0
755,7.0,6.0,6.0,1.0
756,6.0,6.0,6.0,1.0
757,6.0,6.0,6.0,0.0
758,,,,
759,7.0,6.0,6.0,0.0
760,6.0,6.0,6.0,1.0
761,,,,
762,7.0,7.0,7.0,0.0
763,,,,
764,,,,
765,7.0,6.0,6.0,1.0
766,7.0,6.0,6.0,1.0
767,7.0,6.0,6.0,1.0
768,7.0,6.0,6.0,0.0
769,,,,
770,6.0,6.0,6.0,1.0
771,6.0,6.0,6.0,0.0
772,7.0,6.0,6.0,0.0
773,6.0,5.0,5.0,1.0
774,6.0,6.0,6.0,1.0
775,7.0,6.0,6.0,0.0
776,6.0,6.0,6.0,1.0
777,7.0,7.0,7.0,1.0
778,6.0,6.0,6.0,0.0
779,6.0,6.0,6.0,0.0
780,7.0,7.0,7.0,0.0
781,6.0,6.0,6.0,0.0
782,,,,
783,,,,
784,6.0,6.0,6.0,0.0
785,6.0,5.0,5.0,0.0
786,6.0,6.0,6.0,0.0
787,6.0,6.0,6.0,1.0
788,6.0,6.0,6.0,1.0
789,6.0,6.0,6.0,0.0
790,6.0,6.0,6.0,1.0
791,7.0,6.0,6.0,1.0
792,6.0,6.0,6.0,1.0
793,6.0,6.0,5.0,0.0
794,,,,
795,6.0,6.0,6.0,1.0
796,7.0,7.0,6.0,1.0
797,6.0,5.0,6.0,0.0
798,6.0,6.0,6.0,0.0
799,6.0,6.0,6.0,1.0
800,6.0,6.0,6.0,0.0
801,7.0,6.0,6.0,1.0
802,6.0,6.0,5.0,0.0
803,7.0,6.0,6.0,0.0
804,7.0,6.0,6.0,0.0
805,,,,
806,6.0,6.0,6.0,1.0
807,,,,
808,,,,
809,6.0,6.0,6.0,0.0
810,6.0,5.0,5.0,1.0
811,6.0,6.0,6.0,0.0
812,7.0,6.0,6.0,1.0
813,6.0,6.0,6.0,0.0
814,6.0,6.0,6.0,1.0
815,6.0,6.0,6.0,1.0
816,,,,
817,7.0,6.0,6.0,0.0
818,6.0,6.0,6.0,1.0
819,6.0,6.0,6.0,1.0
820,7.0,6.0,6.0,1.0
821,6.0,6.0,6.0,1.0
822,6.0,6.0,6.0,1.0
823,6.0,6.0,6.0,1.0
824,,,,
825,6.0,6.0,6.0,0.0
826,6.0,6.0,6.0,1.0
827,6.0,5.0,5.0,0.0
828,7.0,6.0,6.0,1.0
829,6.0,6.0,6.0,1.0
830,6.0,6.0,6.0,0.0
831,6.0,6.0,7.0,0.0
832,7.0,6.0,6.0,0.0
833,6.0,6.0,6.0,0.0
834,6.0,6.0,6.0,1.0
835,6.0,6.0,6.0,0.0
836,6.0,6.0,6.0,1.0
837,6.0,5.0,6.0,1.0
838,6.0,6.0,6.0,0.0
839,,,,
840,6.0,6.0,6.0,1.0
841,,,,
842,6.0,6.0,6.0,0.0
843,6.0,6.0,6.0,1.0
844,,,,
845,6.0,6.0,6.0,1.0
846,7.0,6.0,6.0,1.0
847,6.0,6.0,6.0,0.0
848,7.0,7.0,6.0,1.0
849,7.0,6.0,6.0,0.0
850,6.0,6.0,6.0,0.0
851,6.0,6.0,6.0,0.0
852,6.0,6.0,6.0,1.0
853,6.0,5.0,6.0,1.0
854,6.0,6.0,6.0,1.0
855,6.0,6.0,6.0,1.0
856,7.0,6.0,6.0,0.0
857,7.0,6.0,6.0,1.0
858,7.0,6.0,6.0,1.0
859,6.0,6.0,6.0,0.0
860,6.0,6.0,6.0,1.0
861,6.0,6.0,6.0,0.0
862,7.0,7.0,7.0,0.0
863,6.0,7.0,7.0,1.0
864,6.0,6.0,6.0,0.0
865,6.0,6.0,6.0,1.0
866,6.0,5.0,5.0,1.0
867,7.0,6.0,6.0,1.0
868,6.0,6.0,6.0,0.0
869,7.0,6.0,6.0,0.0
870,,,,
871,6.0,6.0,6.0,1.0
872,6.0,6.0,6.0,0.0
873,6.0,6.0,6.0,1.0
874,7.0,6.0,6.0,1.0
875,,,,
876,6.0,6.0,6.0,0.0
877,7.0,6.0,6.0,1.0
878,6.0,6.0,6.0,1.0
879,6.0,6.0,6.0,1.0
880,7.0,6.0,7.0,1.0
881,6.0,6.0,6.0,1.0
882,6.0,6.0,5.0,0.0
883,6.0,6.0,6.0,1.0
884,,,,
885,6.0,6.0,6.0,1.0
886,7.0,6.0,6.0,1.0
887,6.0,6.0,6.0,1.0
888,7.0,6.0,6.0,0.0
889,6.0,6.0,6.0,0.0
890,7.0,6.0,6.0,1.0
891,6.0,6.0,6.0,0.0
892,6.0,6.0,6.0,0.0
893,6.0,6.0,6.0,1.0
894,5.0,5.0,5.0,1.0
895,6.0,6.0,6.0,0.0
896,6.0,6.0,6.0,0.0
897,6.0,6.0,6.0,1.0
898,6.0,6.0,6.0,0.0
899,6.0,6.0,6.0,1.0
900,6.0,6.0,6.0,1.0
901,6.0,6.0,6.0,1.0
902,6.0,6.0,5.0,0.0
903,7.0,6.0,6.0,1.0
904,6.0,6.0,6.0,0.0
905,,,,
906,7.0,6.0,6.0,1.0
907,7.0,6.0,6.0,1.0
908,6.0,6.0,6.0,1.0
909,6.0,6.0,6.0,0.0
910,6.0,6.0,6.0,0.0
911,6.0,6.0,6.0,1.0
912,7.0,6.0,6.0,0.0
913,6.0,6.0,6.0,0.0
914,6.0,6.0,6.0,1.0
915,,,,
916,,,,
917,7.0,6.0,6.0,1.0
918,6.0,6.0,6.0,1.0
919,7.0,6.0,6.0,0.0
920,7.0,6.0,7.0,0.0
921,5.0,5.0,5.0,1.0
922,,,,
923,7.0,6.0,6.0,1.0
924,6.0,6.0,6.0,0.0
925,6.0,6.0,5.0,1.0
926,6.0,6.0,5.0,1.0
927,6.0,6.0,6.0,1.0
928,6.0,6.0,6.0,1.0
929,7.0,6.0,6.0,0.0
930,7.0,6.0,6.0,0.0
931,7.0,6.0,6.0,1.0
932,7.0,6.0,6.0,1.0
933,6.0,6.0,6.0,0.0
934,7.0,7.0,6.0,1.0
935,7.0,6.0,6.0,1.0
936,6.0,6.0,6.0,1.0
937,7.0,6.0,6.0,1.0
938,,,,
939,7.0,6.0,6.0,0.0
940,6.0,6.0,6.0,0.0
941,6.0,6.0,6.0,0.0
942,6.0,6.0,6.0,1.0
943,7.0,7.0,7.0,1.0
944,5.0,6.0,6.0,0.0
945,7.0,6.0,6.0,1.0
946,6.0,6.0,6.0,0.0
947,6.0,6.0,6.0,0.0
948,7.0,6.0,6.0,0.0
949,6.0,6.0,5.0,1.0
950,7.0,6.0,7.0,1.0
951,6.0,6.0,6.0,1.0
952,6.0,5.0,6.0,1.0
953,7.0,6.0,6.0,1.0
954,6.0,6.0,6.0,0.0
955,7.0,6.0,6.0,1.0
956,7.0,6.0,6.0,1.0
957,,,,
958,6.0,6.0,6.0,1.0
959,7.0,6.0,6.0,1.0
960,6.0,6.0,6.0,1.0
961,7.0,6.0,6.0,0.0
962,6.0,6.0,6.0,0.0
963,7.0,6.0,7.0,1.0
964,6.0,6.0,6.0,1.0
965,6.0,6.0,6.0,1.0
966,,,,
967,7.0,6.0,6.0,1.0
968,7.0,6.0,6.0,0.0
969,7.0,6.0,6.0,1.0
970,6.0,6.0,6.0,0.0
971,6.0,6.0,6.0,1.0
972,7.0,6.0,6.0,0.0
973,6.0,6.0,6.0,1.0
974,7.0,7.0,6.0,1.0
975,7.0,6.0,6.0,1.0
976,6.0,6.0,5.0,0.0
977,7.0,6.0,6.0,0.0
978,5.0,5.0,5.0,1.0
979,7.0,6.0,6.0,0.0
980,7.0,7.0,7.0,0.0
981,,,,
982,6.0,6.0,6.0,1.0
983,7.0,6.0,6.0,1.0
984,6.0,6.0,6.0,0.0
985,6.0,5.0,5.0,1.0
986,6.0,6.0,6.0,1.0
987,7.0,6.0,6.0,1.0
988,6.0,6.0,6.0,0.0
989,6.0,6.0,5.0,1.0
990,6.0,6.0,6.0,1.0
991,7.0,7.0,7.0,1.0
992,6.0,6.0,6.0,0.0
993,6.0,6.0,6.0,1.0
994,7.0,5.0,6.0,1.0
995,6.0,6.0,7.0,1.0
996,6.0,6.0,6.0,0.0
997,5.0,5.0,5.0,0.0
998,6.0,6.0,6.0,1.0
999,6.0,6.0,6.0,0.0
1000,7.0,6.0,6.0,0.0
1001,6.0,6.0,6.0,0.0
1002,6.0,6.0,6.0,1.0
1003,6.0,6.0,5.0,1.0
1004,,,,
1005,6.0,6.0,6.0,0.0
1006,7.0,6.0,6.0,0.0
1007,6.0,6.0,6.0,0.0
1008,6.0,6.0,6.0,1.0
1009,6.0,6.0,6.0,1.0
1010,5.0,5.0,5.0,1.0
1011,6.0,6.0,6.0,1.0
1012,7.0,7.0,6.0,1.0
1013,6.0,6.0,6.0,1.0
1014,7.0,6.0,6.0,1.0
1015,6.0,6.0,6.0,0.0
1016,6.0,6.0,6.0,0.0
1017,7.0,6.0,6.0,1.0
1018,7.0,6.0,6.0,0.0
1019,6.0,6.0,6.0,0.0
1020,6.0,6.0,6.0,1.0
1021,6.0,6.0,6.0,1.0
1022,6.0,6.0,6.0,0.0
1023,7.0,6.0,6.0,0.0
1024,6.0,6.0,6.0,1.0
1025,6.0,6.0,6.0,1.0
1026,,,,
1027,7.0,6.0,6.0,1.0
1028,6.0,6.0,6.0,1.0
1029,6.0,6.0,6.0,1.0
1030,7.0,6.0,6.0,0.0
1031,,,,
1032,6.0,6.0,6.0,1.0
1033,6.0,6.0,6.0,1.0
1034,,,,
1035,6.0,6.0,6.0,0.0
1036,6.0,6.0,6.0,0.0
1037,7.0,6.0,6.0,0.0
1038,7.0,6.0,6.0,1.0
1039,6.0,5.0,6.0,0.0
1040,6.0,6.0,6.0,1.0
1041,7.0,6.0,6.0,0.0
1042,7.0,6.0,6.0,1.0
1043,,,,
1044,6.0,6.0,6.0,1.0
1045,6.0,6.0,6.0,0.0
1046,7.0,6.0,6.0,0.0
1047,6.0,6.0,6.0,1.0
1048,7.0,6.0,6.0,1.0
1049,,,,
1050,6.0,6.0,7.0,1.0
1051,7.0,6.0,7.0,1.0
1052,6.0,6.0,6.0,1.0
1053,7.0,6.0,6.0,0.0
1054,5.0,6.0,6.0,0.0
1055,7.0,6.0,6.0,1.0
1056,6.0,6.0,6.0,1.0
1057,6.0,6.0,6.0,0.0
1058,7.0,7.0,6.0,0.0
1059,6.0,6.0,6.0,1.0
1060,6.0,6.0,6.0,0.0
1061,7.0,6.0,6.0,1.0
1062,7.0,7.0,7.0,1.0
1063,6.0,6.0,7.0,1.0
1064,7.0,6.0,6.0,1.0
1065,7.0,6.0,6.0,1.0
1066,7.0,6.0,6.0,1.0
1067,7.0,7.0,6.0,1.0
1068,7.0,6.0,6.0,1.0
1069,6.0,5.0,5.0,1.0
1070,6.0,6.0,6.0,1.0
1071,6.0,6.0,6.0,0.0
1072,6.0,6.0,6.0,0.0
1073,7.0,6.0,6.0,1.0
1074,6.0,6.0,6.0,0.0
1075,7.0,6.0,6.0,1.0
1076,6.0,6.0,6.0,1.0
1077,7.0,6.0,6.0,1.0
1078,5.0,5.0,5.0,0.0
1079,6.0,6.0,6.0,1.0
1080,7.0,6.0,7.0,1.0
1081,6.0,6.0,6.0,0.0
1082,7.0,6.0,6.0,1.0
1083,6.0,5.0,6.0,0.0
1084,6.0,6.0,5.0,1.0
1085,,,,
1086,7.0,7.0,7.0,1.0
1087,6.0,6.0,6.0,0.0
1088,7.0,6.0,6.0,1.0
1089,7.0,6.0,6.0,0.0
1090,7.0,6.0,6.0,1.0
1091,7.0,6.0,6.0,0.0
1092,6.0,6.0,6.0,1.0
1093,6.0,6.0,6.0,0.0
1094,,,,
1095,6.0,6.0,6.0,0.0
1096,6.0,7.0,6.0,0.0
1097,6.0,6.0,6.0,0.0
1098,,,,
1099,6.0,6.0,6.0,1.0
1100,6.0,6.0,6.0,1.0
1101,7.0,6.0,6.0,1.0
1102,7.0,6.0,6.0,0.0
1103,7.0,6.0,6.0,1.0
1104,,,,
1105,6.0,6.0,6.0,0.0
1106,,,,
1107,6.0,5.0,6.0,0.0
1108,6.0,5.0,6.0,0.0
1109,6.0,6.0,6.0,1.0
1110,6.0,5.0,6.0,1.0
1111,6.0,6.0,6.0,0.0
1112,7.0,7.0,7.0,1.0
1113,,,,
1114,7.0,6.0,6.0,1.0
1115,6.0,6.0,6.0,1.0
1116,6.0,6.0,6.0,1.0
1117,7.0,6.0,6.0,0.0
1118,6.0,6.0,6.0,1.0
1119,,,,
1120,7.0,6.0,6.0,1.0
1121,6.0,6.0,6.0,1.0
1122,7.0,6.0,6.0,1.0
1123,6.0,6.0,6.0,0.0
1124,6.0,6.0,6.0,0.0
1125,6.0,6.0,6.0,1.0
1126,6.0,6.0,6.0,0.0
1127,7.0,6.0,6.0,1.0
1128,7.0,7.0,6.0,0.0
1129,7.0,6.0,6.0,1.0
1130,6.0,6.0,6.0,1.0
1131,,,,
1132,6.0,5.0,6.0,1.0
1133,6.0,6.0,6.0,1.0
1134,6.0,6.0,6.0,1.0
1135,5.0,5.0,6.0,0.0
1136,7.0,6.0,6.0,1.0
1137,,,,
1138,,,,
1139,,,,
1140,6.0,6.0,6.0,1.0
1141,6.0,6.0,6.0,1.0
1142,6.0,6.0,6.0,1.0
1143,7.0,6.0,6.0,1.0
1144,6.0,6.0,6.0,1.0
1145,6.0,6.0,6.0,1.0
1146,7.0,7.0,6.0,1.0
1147,6.0,6.0,6.0,1.0
1148,6.0,6.0,6.0,1.0
1149,6.0,6.0,6.0,1.0
1150,,,,
1151,7.0,6.0,6.0,1.0
1152,7.0,6.0,6.0,0.0
1153,6.0,5.0,6.0,1.0
1154,,,,
1155,7.0,6.0,6.0,1.0
1156,7.0,6.0,6.0,1.0
1157,6.0,6.0,6.0,0.0
1158,6.0,6.0,6.0,0.0
1159,7.0,6.0,6.0,1.0
1160,6.0,5.0,5.0,1.0
1161,6.0,5.0,6.0,0.0
1162,7.0,6.0,7.0,0.0
1163,7.0,6.0,6.0,0.0
1164,6.0,6.0,6.0,1.0
1165,7.0,6.0,6.0,1.0
1166,6.0,6.0,6.0,1.0
1167,6.0,6.0,6.0,1.0
1168,7.0,6.0,6.0,0.0
1169,7.0,6.0,7.0,0.0
1170,7.0,6.0,6.0,1.0
1171,6.0,6.0,6.0,1.0
1172,7.0,6.0,6.0,1.0
1173,6.0,6.0,6.0,0.0
1174,7.0,6.0,7.0,1.0
1175,7.0,6.0,6.0,1.0
1176,7.0,6.0,6.0,1.0
1177,6.0,6.0,6.0,1.0
1178,5.0,5.0,5.0,1.0
1179,,,,
1180,7.0,7.0,6.0,1.0
1181,6.0,6.0,6.0,1.0
1182,7.0,6.0,6.0,1.0
1183,7.0,6.0,6.0,1.0
1184,6.0,6.0,6.0,1.0
1185,6.0,6.0,6.0,0.0
1186,,,,
1187,6.0,6.0,6.0,0.0
1188,6.0,6.0,6.0,1.0
1189,6.0,5.0,5.0,1.0
1190,7.0,6.0,6.0,0.0
1191,7.0,6.0,6.0,0.0
1192,6.0,6.0,6.0,1.0
1193,6.0,6.0,6.0,0.0
1194,6.0,5.0,5.0,0.0
1195,6.0,6.0,6.0,1.0
1196,6.0,6.0,6.0,1.0
1197,6.0,6.0,6.0,1.0
1198,6.0,5.0,5.0,0.0
1199,6.0,6.0,6.0,1.0
1200,6.0,6.0,7.0,1.0
1201,7.0,6.0,6.0,1.0
1202,6.0,6.0,6.0,1.0
1203,,,,
1204,6.0,6.0,6.0,1.0
1205,6.0,6.0,6.0,0.0
1206,,,,
1207,7.0,6.0,6.0,1.0
1208,6.0,5.0,5.0,1.0
1209,7.0,6.0,6.0,1.0
1210,6.0,6.0,6.0,0.0
1211,6.0,6.0,7.0,0.0
1212,7.0,6.0,6.0,1.0
1213,6.0,5.0,5.0,0.0
1214,7.0,6.0,6.0,0.0
1215,6.0,6.0,6.0,1.0
1216,6.0,6.0,6.0,1.0
1217,7.0,6.0,6.0,0.0
1218,6.0,5.0,5.0,1.0
1219,6.0,6.0,6.0,1.0
1220,6.0,6.0,6.0,1.0
1221,6.0,6.0,6.0,0.0
1222,6.0,6.0,6.0,1.0
1223,6.0,5.0,6.0,0.0
1224,,,,
1225,6.0,6.0,6.0,1.0
1226,6.0,6.0,5.0,1.0
1227,7.0,6.0,6.0,0.0
1228,,,,
1229,7.0,6.0,6.0,1.0
1230,6.0,6.0,6.0,1.0
1231,,,,
1232,7.0,6.0,7.0,1.0
1233,6.0,6.0,6.0,1.0
1234,7.0,6.0,6.0,1.0
1235,6.0,6.0,6.0,1.0
1236,6.0,6.0,5.0,1.0
1237,,,,
1238,6.0,6.0,6.0,0.0
1239,7.0,6.0,6.0,1.0
1240,7.0,6.0,6.0,1.0
1241,7.0,6.0,6.0,1.0
1242,6.0,6.0,6.0,1.0
1243,7.0,7.0,6.0,1.0
1244,,,,
1245,7.0,6.0,6.0,1.0
1246,,,,
1247,5.0,5.0,5.0,0.0
1248,7.0,6.0,6.0,0.0
1249,6.0,5.0,5.0,1.0
1250,7.0,6.0,7.0,0.0
1251,7.0,6.0,6.0,1.0
1252,6.0,6.0,6.0,1.0
1253,6.0,6.0,6.0,1.0
1254,6.0,6.0,6.0,1.0
1255,6.0,6.0,6.0,1.0
1256,7.0,6.0,6.0,1.0
1257,5.0,6.0,5.0,0.0
1258,7.0,6.0,7.0,0.0
1259,7.0,6.0,6.0,1.0
1260,6.0,6.0,5.0,1.0
1261,,,,
1262,7.0,7.0,7.0,0.0
1263,7.0,6.0,6.0,1.0
1264,7.0,6.0,6.0,1.0
1265,6.0,6.0,6.0,0.0
1266,6.0,6.0,6.0,0.0
1267,7.0,6.0,6.0,1.0
1268,7.0,6.0,6.0,1.0
1269,7.0,6.0,7.0,1.0
1270,7.0,6.0,6.0,0.0
1271,6.0,6.0,6.0,1.0
1272,6.0,6.0,6.0,1.0
1273,7.0,6.0,6.0,1.0
1274,7.0,7.0,6.0,0.0
1275,7.0,7.0,6.0,1.0
1276,7.0,6.0,6.0,1.0
1277,6.0,6.0,6.0,0.0
1278,,,,
1279,7.0,6.0,6.0,1.0
1280,7.0,7.0,7.0,1.0
1281,6.0,6.0,6.0,1.0
1282,6.0,6.0,5.0,0.0
1283,6.0,6.0,6.0,1.0
1284,,,,
1285,7.0,6.0,6.0,0.0
1286,7.0,6.0,6.0,1.0
1287,6.0,6.0,6.0,0.0
1288,6.0,5.0,5.0,0.0
1289,5.0,5.0,5.0,1.0
1290,6.0,6.0,5.0,0.0
1291,7.0,7.0,6.0,0.0
1292,6.0,6.0,5.0,0.0
1293,,,,
1294,7.0,6.0,6.0,0.0
1295,6.0,7.0,7.0,1.0
1296,6.0,6.0,6.0,1.0
1297,6.0,6.0,6.0,1.0
1298,7.0,6.0,6.0,1.0
1299,,,,
1300,6.0,6.0,6.0,1.0
1301,6.0,6.0,6.0,1.0
1302,6.0,6.0,5.0,0.0
1303,7.0,6.0,6.0,0.0
1304,,,,
1305,6.0,6.0,6.0,1.0
1306,6.0,6.0,6.0,0.0
1307,7.0,6.0,6.0,0.0
1308,6.0,6.0,6.0,1.0
1309,6.0,6.0,6.0,0.0
1310,6.0,6.0,6.0,0.0
1311,6.0,6.0,6.0,0.0
1312,7.0,6.0,6.0,1.0
1313,6.0,6.0,6.0,1.0
1314,,,,
1315,6.0,6.0,6.0,1.0
1316,6.0,6.0,6.0,0.0
1317,7.0,6.0,6.0,1.0
1318,6.0,6.0,6.0,1.0
1319,6.0,6.0,5.0,0.0
1320,6.0,6.0,6.0,0.0
1321,7.0,6.0,6.0,1.0
1322,7.0,7.0,7.0,0.0
1323,6.0,6.0,6.0,0.0
1324,7.0,6.0,6.0,0.0
1325,6.0,6.0,6.0,1.0
1326,6.0,6.0,6.0,1.0
1327,6.0,6.0,5.0,0.0
1328,6.0,6.0,6.0,0.0
1329,6.0,6.0,6.0,0.0
1330,7.0,6.0,6.0,0.0
1331,7.0,6.0,6.0,1.0
1332,7.0,6.0,6.0,1.0
1333,6.0,6.0,6.0,1.0
1334,,,,
1335,5.0,6.0,6.0,0.0
1336,7.0,6.0,6.0,1.0
1337,6.0,6.0,5.0,0.0
1338,6.0,7.0,6.0,1.0
1339,6.0,6.0,6.0,1.0
1340,6.0,6.0,5.0,1.0
1341,6.0,6.0,6.0,0.0
1342,7.0,6.0,6.0,0.0
1343,7.0,6.0,6.0,1.0
1344,7.0,6.0,6.0,1.0
1345,7.0,6.0,6.0,0.0
1346,,,,
1347,6.0,6.0,6.0,0.0
1348,7.0,6.0,6.0,1.0
1349,,,,
1350,6.0,6.0,6.0,1.0
1351,7.0,6.0,6.0,1.0
1352,,,,
1353,6.0,6.0,6.0,1.0
1354,6.0,6.0,6.0,1.0
1355,6.0,6.0,6.0,1.0
1356,6.0,6.0,6.0,0.0
1357,6.0,6.0,6.0,0.0
1358,7.0,6.0,7.0,1.0
1359,6.0,5.0,5.0,0.0
1360,7.0,6.0,6.0,0.0
1361,7.0,6.0,6.0,0.0
1362,,,,
1363,,,,
1364,7.0,6.0,6.0,1.0
1365,6.0,6.0,6.0,1.0
1366,7.0,6.0,6.0,1.0
1367,6.0,6.0,6.0,0.0
1368,6.0,5.0,5.0,1.0
1369,6.0,6.0,6.0,0.0
1370,6.0,6.0,6.0,0.0
1371,6.0,6.0,6.0,0.0
1372,7.0,6.0,6.0,0.0
1373,,,,
1374,6.0,6.0,5.0,0.0
1375,7.0,6.0,6.0,1.0
1376,6.0,6.0,5.0,1.0
1377,7.0,6.0,7.0,0.0
1378,6.0,6.0,6.0,1.0
1379,7.0,6.0,6.0,0.0
1380,7.0,7.0,7.0,1.0
1381,,,,
1382,6.0,6.0,6.0,0.0
1383,7.0,6.0,7.0,1.0
1384,7.0,6.0,6.0,0.0
1385,6.0,6.0,6.0,1.0
1386,,,,
1387,7.0,6.0,6.0,0.0
1388,7.0,6.0,6.0,0.0
1389,6.0,6.0,6.0,1.0
1390,6.0,6.0,6.0,1.0
1391,6.0,6.0,6.0,1.0
1392,6.0,6.0,6.0,1.0
1393,6.0,6.0,6.0,1.0
1394,7.0,6.0,6.0,1.0
1395,6.0,6.0,5.0,0.0
1396,6.0,6.0,6.0,1.0
1397,6.0,6.0,6.0,1.0
1398,6.0,6.0,6.0,1.0
1399,6.0,6.0,6.0,1.0
1400,7.0,7.0,7.0,1.0
1401,6.0,6.0,6.0,1.0
1402,7.0,6.0,6.0,1.0
1403,7.0,6.0,6.0,1.0
1404,6.0,6.0,6.0,1.0
1405,6.0,6.0,6.0,1.0
1406,6.0,6.0,6.0,0.0
1407,7.0,6.0,7.0,1.0
1408,,,,
1409,,,,
1410,,,,
1411,6.0,6.0,6.0,0.0
1412,7.0,6.0,6.0,1.0
1413,6.0,6.0,6.0,1.0
1414,7.0,6.0,6.0,0.0
1415,6.0,6.0,7.0,0.0
1416,7.0,6.0,7.0,1.0
1417,7.0,6.0,6.0,1.0
1418,7.0,6.0,6.0,1.0
1419,6.0,6.0,6.0,1.0
1420,6.0,6.0,6.0,1.0
1421,6.0,6.0,6.0,1.0
1422,,,,
1423,6.0,6.0,6.0,1.0
1424,6.0,6.0,6.0,1.0
1425,6.0,6.0,6.0,1.0
1426,6.0,6.0,6.0,0.0
1427,6.0,6.0,6.0,0.0
1428,,,,
1429,6.0,6.0,6.0,0.0
1430,7.0,6.0,6.0,0.0
1431,,,,
1432,,,,
1433,6.0,6.0,6.0,1.0
1434,6.0,6.0,6.0,1.0
1435,6.0,6.0,6.0,1.0
1436,6.0,5.0,5.0,0.0
1437,7.0,6.0,6.0,1.0
1438,5.0,6.0,6.0,1.0
1439,7.0,6.0,6.0,0.0
1440,6.0,6.0,6.0,0.0
1441,7.0,6.0,6.0,1.0
1442,6.0,6.0,7.0,0.0
1443,7.0,7.0,7.0,0.0
1444,6.0,6.0,6.0,0.0
1445,7.0,6.0,6.0,1.0
1446,7.0,7.0,6.0,1.0
1447,7.0,6.0,6.0,1.0
1448,6.0,5.0,5.0,1.0
1449,6.0,6.0,6.0,1.0
1450,,,,
1451,7.0,6.0,6.0,0.0
1452,6.0,6.0,6.0,0.0
1453,6.0,5.0,5.0,0.0
1454,6.0,6.0,6.0,0.0
1455,7.0,6.0,6.0,1.0
1456,7.0,6.0,7.0,1.0
1457,5.0,5.0,5.0,0.0
1458,6.0,6.0,6.0,1.0
1459,6.0,5.0,6.0,1.0
1460,6.0,6.0,6.0,0.0
1461,7.0,6.0,6.0,1.0
1462,6.0,7.0,6.0,0.0
1463,6.0,6.0,6.0,0.0
1464,7.0,6.0,6.0,1.0
1465,7.0,6.0,6.0,0.0
1466,,,,
1467,6.0,5.0,5.0,0.0
1468,6.0,5.0,5.0,0.0
1469,6.0,5.0,6.0,0.0
1470,6.0,5.0,6.0,0.0
1471,6.0,6.0,6.0,0.0
1472,7.0,6.0,6.0,0.0
1473,6.0,6.0,6.0,1.0
1474,7.0,7.0,6.0,1.0
1475,7.0,6.0,6.0,1.0
1476,,,,
1477,6.0,6.0,6.0,1.0
1478,6.0,6.0,6.0,1.0
1479,7.0,7.0,6.0,0.0
1480,7.0,7.0,7.0,0.0
1481,6.0,6.0,6.0,1.0
1482,7.0,6.0,6.0,1.0
1483,6.0,6.0,6.0,1.0
1484,6.0,6.0,6.0,1.0
1485,7.0,6.0,6.0,1.0
1486,7.0,7.0,6.0,0.0
1487,6.0,6.0,6.0,1.0
1488,6.0,6.0,6.0,1.0
1489,7.0,6.0,6.0,1.0
1490,7.0,6.0,6.0,0.0
1491,6.0,6.0,6.0,1.0
1492,7.0,6.0,6.0,1.0
1493,6.0,5.0,5.0,0.0
1494,6.0,5.0,5.0,1.0
1495,6.0,6.0,6.0,1.0
1496,7.0,7.0,6.0,1.0
1497,6.0,6.0,6.0,0.0
1498,6.0,6.0,6.0,1.0
1499,6.0,6.0,6.0,0.0
1500,6.0,6.0,6.0,1.0
1501,7.0,6.0,6.0,1.0
1502,7.0,7.0,6.0,1.0
1503,7.0,6.0,6.0,1.0
1504,6.0,6.0,5.0,1.0
1505,6.0,6.0,6.0,1.0
1506,7.0,6.0,6.0,1.0
1507,7.0,6.0,6.0,1.0
1508,6.0,6.0,6.0,1.0
1509,7.0,6.0,6.0,0.0
1510,6.0,6.0,6.0,1.0
1511,7.0,6.0,7.0,0.0
1512,,,,
1513,,,,
1514,,,,
1515,6.0,6.0,6.0,1.0
1516,7.0,6.0,7.0,1.0
1517,6.0,6.0,6.0,1.0
1518,,,,
1519,,,,
1520,7.0,6.0,6.0,0.0
1521,7.0,6.0,6.0,0.0
1522,7.0,6.0,6.0,0.0
1523,6.0,6.0,6.0,1.0
1524,6.0,6.0,5.0,1.0
1525,6.0,6.0,6.0,1.0
1526,6.0,6.0,6.0,1.0
1527,6.0,6.0,6.0,1.0
1528,7.0,7.0,7.0,1.0
1529,7.0,7.0,6.0,0.0
1530,,,,
1531,7.0,6.0,6.0,1.0
1532,6.0,6.0,6.0,1.0
1533,6.0,6.0,6.0,1.0
1534,7.0,6.0,6.0,1.0
1535,6.0,6.0,6.0,1.0
1536,6.0,6.0,6.0,1.0
1537,7.0,6.0,6.0,0.0
1538,6.0,6.0,7.0,1.0
1539,7.0,6.0,6.0,1.0
1540,7.0,6.0,6.0,1.0
1541,,,,
1542,6.0,6.0,6.0,1.0
1543,7.0,7.0,6.0,0.0
1544,,,,
1545,6.0,6.0,6.0,1.0
1546,7.0,6.0,6.0,1.0
1547,6.0,6.0,6.0,1.0
1548,7.0,6.0,6.0,1.0
1549,6.0,7.0,7.0,1.0
1550,6.0,6.0,6.0,1.0
1551,7.0,6.0,7.0,1.0
1552,6.0,6.0,7.0,1.0
1553,6.0,6.0,6.0,0.0
1554,,,,
1555,6.0,6.0,6.0,1.0
1556,6.0,6.0,6.0,0.0
1557,6.0,6.0,6.0,1.0
1558,7.0,6.0,6.0,1.0
1559,6.0,6.0,6.0,1.0
1560,7.0,6.0,6.0,0.0
1561,6.0,5.0,6.0,0.0
1562,6.0,6.0,6.0,0.0
1563,7.0,6.0,7.0,1.0
1564,7.0,6.0,7.0,1.0
1565,6.0,6.0,6.0,0.0
1566,7.0,6.0,6.0,1.0
1567,7.0,6.0,6.0,1.0
1568,7.0,6.0,6.0,1.0
1569,7.0,7.0,6.0,0.0
1570,6.0,6.0,6.0,1.0
1571,,,,
1572,6.0,6.0,6.0,0.0
1573,6.0,6.0,6.0,1.0
1574,7.0,7.0,6.0,1.0
1575,6.0,6.0,6.0,1.0
1576,6.0,6.0,6.0,0.0
1577,6.0,6.0,6.0,0.0
1578,6.0,6.0,6.0,1.0
1579,7.0,6.0,6.0,1.0
1580,7.0,7.0,7.0,1.0
1581,7.0,6.0,6.0,1.0
1582,,,,
1583,7.0,7.0,6.0,1.0
1584,6.0,6.0,6.0,0.0
1585,7.0,6.0,6.0,0.0
1586,7.0,7.0,6.0,0.0
1587,,,,
1588,6.0,6.0,6.0,1.0
1589,,,,
1590,6.0,5.0,5.0,1.0
1591,7.0,6.0,6.0,0.0
1592,6.0,6.0,6.0,1.0
1593,6.0,6.0,6.0,1.0
1594,6.0,5.0,6.0,0.0
1595,6.0,6.0,7.0,1.0
1596,7.0,7.0,6.0,1.0
1597,5.0,5.0,5.0,1.0
1598,6.0,5.0,6.0,0.0
1599,6.0,7.0,6.0,0.0
1600,6.0,5.0,5.0,0.0
1601,6.0,6.0,6.0,0.0
1602,6.0,6.0,5.0,0.0
1603,6.0,6.0,6.0,1.0
1604,6.0,6.0,6.0,0.0
1605,7.0,6.0,6.0,1.0
1606,6.0,6.0,6.0,0.0
1607,7.0,6.0,7.0,0.0
1608,6.0,6.0,6.0,0.0
1609,,,,
1610,6.0,6.0,6.0,0.0
1611,6.0,6.0,6.0,1.0
1612,7.0,6.0,6.0,1.0
1613,6.0,6.0,5.0,1.0
1614,7.0,6.0,6.0,0.0
1615,6.0,6.0,6.0,0.0
1616,6.0,6.0,6.0,1.0
1617,7.0,6.0,6.0,0.0
1618,,,,
1619,6.0,6.0,6.0,1.0
1620,6.0,5.0,5.0,0.0
1621,7.0,6.0,6.0,1.0
1622,,,,
1623,,,,
1624,7.0,6.0,6.0,0.0
1625,6.0,6.0,6.0,0.0
1626,6.0,6.0,6.0,0.0
1627,7.0,6.0,6.0,0.0
1628,,,,
1629,7.0,7.0,6.0,0.0
1630,7.0,6.0,6.0,1.0
1631,6.0,6.0,6.0,1.0
1632,7.0,6.0,7.0,1.0
1633,6.0,6.0,6.0,0.0
1634,7.0,7.0,6.0,0.0
1635,6.0,6.0,6.0,1.0
1636,7.0,6.0,6.0,1.0
1637,7.0,6.0,6.0,0.0
1638,,,,
1639,7.0,6.0,6.0,0.0
1640,6.0,6.0,6.0,1.0
1641,7.0,7.0,6.0,1.0
1642,7.0,6.0,7.0,1.0
1643,6.0,6.0,6.0,0.0
1644,,,,
1645,6.0,6.0,6.0,1.0
1646,6.0,6.0,6.0,0.0
1647,6.0,6.0,6.0,0.0
1648,6.0,6.0,6.0,1.0
1649,7.0,6.0,6.0,1.0
1650,7.0,6.0,6.0,0.0
1651,7.0,6.0,6.0,1.0
1652,5.0,5.0,5.0,0.0
1653,,,,
1654,6.0,6.0,6.0,1.0
1655,7.0,6.0,6.0,1.0
1656,7.0,7.0,6.0,1.0
1657,6.0,6.0,6.0,1.0
1658,7.0,6.0,7.0,1.0
1659,7.0,6.0,6.0,0.0
1660,7.0,6.0,6.0,1.0
1661,7.0,6.0,6.0,1.0
1662,7.0,6.0,7.0,1.0
1663,6.0,5.0,6.0,1.0
1664,,,,
1665,7.0,6.0,6.0,1.0
1666,6.0,6.0,6.0,0.0
1667,7.0,6.0,6.0,1.0
1668,7.0,6.0,6.0,1.0
1669,7.0,6.0,6.0,0.0
1670,6.0,6.0,6.0,0.0
1671,6.0,6.0,6.0,1.0
1672,6.0,6.0,6.0,0.0
1673,6.0,6.0,6.0,0.0
1674,6.0,6.0,5.0,1.0
1675,6.0,5.0,6.0,0.0
1676,7.0,6.0,6.0,1.0
1677,,,,
1678,6.0,6.0,6.0,0.0
1679,7.0,7.0,7.0,1.0
1680,7.0,6.0,7.0,0.0
1681,7.0,6.0,6.0,1.0
1682,7.0,6.0,6.0,0.0
1683,6.0,6.0,6.0,0.0
1684,6.0,6.0,6.0,1.0
1685,7.0,6.0,6.0,0.0
1686,5.0,6.0,6.0,0.0
1687,,,,
1688,,,,
1689,6.0,5.0,6.0,1.0
1690,6.0,5.0,5.0,1.0
1691,6.0,6.0,6.0,1.0
1692,6.0,6.0,6.0,1.0
1693,6.0,5.0,5.0,0.0
1694,6.0,6.0,6.0,0.0
1695,6.0,6.0,6.0,0.0
1696,7.0,6.0,6.0,0.0
1697,6.0,6.0,6.0,0.0
1698,6.0,6.0,6.0,1.0
1699,7.0,6.0,6.0,0.0
1700,6.0,6.0,5.0,0.0
1701,6.0,6.0,6.0,0.0
1702,7.0,6.0,6.0,1.0
1703,6.0,6.0,6.0,0.0
1704,6.0,6.0,5.0,1.0
1705,7.0,6.0,6.0,1.0
1706,7.0,6.0,6.0,1.0
1707,5.0,5.0,5.0,1.0
1708,7.0,6.0,6.0,1.0
1709,5.0,5.0,5.0,1.0
1710,6.0,6.0,7.0,1.0
1711,7.0,7.0,7.0,1.0
1712,6.0,6.0,6.0,1.0
1713,6.0,6.0,6.0,1.0
1714,5.0,5.0,5.0,1.0
1715,7.0,6.0,6.0,1.0
1716,7.0,6.0,7.0,0.0
1717,6.0,6.0,5.0,1.0
1718,7.0,6.0,6.0,1.0
1719,6.0,6.0,6.0,1.0
1720,6.0,6.0,6.0,1.0
1721,6.0,6.0,6.0,0.0
1722,7.0,6.0,6.0,0.0
1723,,,,
1724,7.0,6.0,6.0,0.0
1725,6.0,6.0,6.0,1.0
1726,6.0,6.0,6.0,0.0
1727,6.0,6.0,6.0,1.0
1728,7.0,6.0,6.0,0.0
1729,7.0,6.0,6.0,0.0
1730,7.0,6.0,7.0,1.0
1731,6.0,6.0,6.0,0.0
1732,6.0,5.0,6.0,1.0
1733,6.0,6.0,6.0,1.0
1734,6.0,6.0,6.0,1.0
1735,6.0,5.0,5.0,0.0
1736,7.0,6.0,6.0,1.0
1737,7.0,7.0,6.0,1.0
1738,7.0,6.0,6.0,0.0
1739,6.0,6.0,6.0,0.0
1740,,,,
1741,7.0,7.0,6.0,1.0
1742,6.0,6.0,6.0,0.0
1743,5.0,6.0,5.0,1.0
1744,7.0,6.0,6.0,1.0
1745,7.0,6.0,6.0,1.0
1746,6.0,6.0,6.0,1.0
1747,6.0,6.0,6.0,1.0
1748,,,,
1749,7.0,6.0,7.0,0.0
1750,7.0,6.0,6.0,1.0
1751,6.0,6.0,7.0,1.0
1752,7.0,6.0,6.0,1.0
1753,6.0,6.0,6.0,1.0
1754,7.0,6.0,6.0,1.0
1755,6.0,6.0,6.0,0.0
1756,6.0,6.0,6.0,1.0
1757,6.0,6.0,6.0,1.0
1758,7.0,6.0,6.0,1.0
1759,6.0,6.0,6.0,0.0
1760,6.0,6.0,6.0,0.0
1761,6.0,6.0,6.0,0.0
1762,7.0,6.0,6.0,1.0
1763,7.0,7.0,6.0,1.0
1764,7.0,6.0,6.0,1.0
1765,,,,
1766,7.0,7.0,7.0,0.0
1767,6.0,6.0,6.0,1.0
1768,6.0,6.0,6.0,0.0
1769,7.0,6.0,6.0,1.0
1770,6.0,6.0,6.0,1.0
1771,7.0,7.0,6.0,1.0
1772,,,,
1773,,,,
1774,,,,
1775,6.0,6.0,6.0,0.0
1776,7.0,7.0,6.0,1.0
1777,7.0,6.0,6.0,1.0
1778,6.0,6.0,6.0,1.0
1779,6.0,6.0,6.0,0.0
1780,,,,
1781,7.0,6.0,7.0,1.0
1782,6.0,5.0,6.0,0.0
1783,7.0,7.0,7.0,0.0
1784,6.0,6.0,6.0,1.0
1785,6.0,6.0,6.0,0.0
1786,7.0,6.0,6.0,0.0
1787,6.0,5.0,5.0,0.0
1788,7.0,7.0,7.0,1.0
1789,6.0,6.0,5.0,0.0
1790,6.0,6.0,6.0,1.0
1791,6.0,5.0,5.0,0.0
1792,6.0,6.0,7.0,0.0
1793,7.0,6.0,6.0,0.0
1794,6.0,6.0,6.0,1.0
1795,6.0,6.0,6.0,0.0
1796,6.0,6.0,6.0,1.0
1797,6.0,6.0,6.0,0.0
1798,6.0,6.0,6.0,0.0
1799,7.0,6.0,6.0,0.0
1800,6.0,6.0,6.0,0.0
1801,6.0,6.0,6.0,1.0
1802,7.0,6.0,6.0,1.0
1803,7.0,6.0,6.0,1.0
1804,7.0,6.0,6.0,1.0
1805,7.0,6.0,6.0,0.0
1806,5.0,6.0,6.0,0.0
1807,5.0,6.0,6.0,1.0
1808,6.0,6.0,7.0,0.0
1809,7.0,7.0,6.0,0.0
1810,6.0,5.0,5.0,1.0
1811,,,,
1812,6.0,6.0,6.0,1.0
1813,7.0,6.0,6.0,1.0
1814,7.0,6.0,6.0,1.0
1815,6.0,6.0,6.0,1.0
1816,7.0,6.0,6.0,1.0
1817,6.0,6.0,6.0,1.0
1818,6.0,6.0,6.0,0.0
1819,,,,
1820,7.0,6.0,6.0,0.0
1821,,,,
1822,6.0,6.0,7.0,0.0
1823,7.0,6.0,6.0,0.0
1824,7.0,6.0,6.0,0.0
1825,,,,
1826,7.0,6.0,6.0,0.0
1827,7.0,6.0,6.0,0.0
1828,,,,
1829,6.0,6.0,6.0,1.0
1830,6.0,5.0,6.0,1.0
1831,6.0,6.0,6.0,1.0
1832,5.0,6.0,6.0,1.0
1833,7.0,6.0,6.0,1.0
1834,,,,
1835,6.0,5.0,6.0,1.0
1836,6.0,6.0,6.0,0.0
1837,6.0,6.0,5.0,0.0
1838,6.0,6.0,6.0,0.0
1839,6.0,6.0,6.0,1.0
1840,7.0,7.0,6.0,0.0
1841,6.0,6.0,6.0,0.0
1842,6.0,6.0,6.0,0.0
1843,7.0,6.0,6.0,1.0
1844,6.0,6.0,6.0,1.0
1845,6.0,6.0,6.0,1.0
1846,7.0,7.0,6.0,1.0
1847,7.0,6.0,7.0,0.0
1848,6.0,6.0,6.0,0.0
1849,5.0,5.0,5.0,0.0
1850,6.0,5.0,6.0,0.0
1851,7.0,7.0,6.0,0.0
1852,7.0,6.0,6.0,1.0
1853,,,,
1854,6.0,6.0,6.0,1.0
1855,,,,
1856,6.0,6.0,6.0,1.0
1857,6.0,5.0,5.0,1.0
1858,7.0,6.0,6.0,0.0
1859,6.0,5.0,6.0,1.0
1860,6.0,6.0,6.0,0.0
1861,7.0,6.0,6.0,1.0
1862,6.0,6.0,6.0,1.0
1863,6.0,5.0,5.0,1.0
1864,7.0,6.0,6.0,1.0
1865,,,,
1866,5.0,6.0,6.0,1.0
1867,7.0,6.0,6.0,1.0
1868,6.0,6.0,6.0,1.0
1869,7.0,7.0,7.0,0.0
1870,6.0,6.0,5.0,0.0
1871,6.0,6.0,6.0,1.0
1872,7.0,6.0,6.0,1.0
1873,6.0,6.0,6.0,1.0
1874,7.0,6.0,6.0,0.0
1875,7.0,7.0,7.0,1.0
1876,6.0,6.0,6.0,0.0
1877,6.0,6.0,6.0,1.0
1878,7.0,6.0,6.0,1.0
1879,7.0,6.0,6.0,1.0
1880,6.0,6.0,6.0,0.0
1881,6.0,6.0,6.0,0.0
1882,6.0,6.0,6.0,0.0
1883,6.0,5.0,6.0,1.0
1884,7.0,6.0,6.0,0.0
1885,,,,
1886,7.0,7.0,6.0,1.0
1887,6.0,6.0,6.0,0.0
1888,7.0,6.0,6.0,1.0
1889,7.0,6.0,6.0,0.0
1890,6.0,6.0,6.0,1.0
1891,6.0,6.0,6.0,1.0
1892,,,,
1893,6.0,5.0,6.0,0.0
1894,6.0,7.0,6.0,1.0
1895,7.0,7.0,6.0,0.0
1896,7.0,6.0,6.0,1.0
1897,7.0,6.0,6.0,1.0
1898,,,,
1899,,,,
1900,6.0,6.0,6.0,1.0
1901,,,,
1902,6.0,6.0,6.0,1.0
1903,5.0,5.0,5.0,0.0
1904,5.0,6.0,5.0,0.0
1905,6.0,6.0,6.0,0.0
1906,,,,
1907,,,,
1908,5.0,6.0,5.0,0.0
1909,,,,
1910,6.0,6.0,6.0,1.0
1911,6.0,6.0,6.0,0.0
1912,7.0,6.0,6.0,1.0
1913,7.0,7.0,6.0,0.0
1914,6.0,6.0,6.0,0.0
1915,6.0,6.0,6.0,1.0
1916,7.0,6.0,6.0,0.0
1917,6.0,6.0,6.0,1.0
1918,7.0,6.0,6.0,0.0
1919,7.0,6.0,6.0,0.0
1920,6.0,6.0,6.0,0.0
1921,7.0,6.0,6.0,0.0
1922,6.0,6.0,6.0,0.0
1923,7.0,6.0,6.0,1.0
1924,6.0,6.0,6.0,0.0
1925,6.0,6.0,6.0,1.0
1926,7.0,7.0,6.0,0.0
1927,6.0,6.0,6.0,1.0
1928,6.0,6.0,6.0,1.0
1929,7.0,7.0,6.0,1.0
1930,6.0,6.0,6.0,1.0
1931,7.0,6.0,6.0,0.0
1932,7.0,7.0,6.0,1.0
1933,6.0,6.0,6.0,0.0
1934,6.0,5.0,6.0,1.0
1935,7.0,6.0,6.0,0.0
1936,6.0,6.0,6.0,1.0
1937,7.0,7.0,6.0,1.0
1938,,,,
1939,6.0,6.0,6.0,1.0
1940,7.0,6.0,6.0,1.0
1941,6.0,6.0,5.0,1.0
1942,6.0,6.0,7.0,1.0
1943,6.0,5.0,6.0,1.0
1944,7.0,6.0,6.0,0.0
1945,7.0,6.0,7.0,1.0
1946,7.0,7.0,6.0,0.0
1947,5.0,5.0,6.0,0.0
1948,7.0,6.0,6.0,0.0
1949,6.0,6.0,6.0,1.0
1950,6.0,6.0,6.0,1.0
1951,6.0,6.0,6.0,1.0
1952,6.0,6.0,6.0,1.0
1953,,,,
1954,7.0,6.0,6.0,1.0
1955,7.0,6.0,6.0,1.0
1956,6.0,6.0,6.0,1.0
1957,6.0,5.0,6.0,1.0
1958,6.0,6.0,6.0,1.0
1959,,,,
1960,6.0,6.0,6.0,0.0
1961,6.0,6.0,5.0,1.0
1962,7.0,6.0,6.0,0.0
1963,7.0,6.0,6.0,0.0
1964,6.0,6.0,6.0,0.0
1965,6.0,6.0,6.0,1.0
1966,6.0,6.0,6.0,1.0
1967,6.0,6.0,6.0,1.0
1968,7.0,7.0,6.0,1.0
1969,6.0,6.0,6.0,1.0
1970,7.0,6.0,6.0,1.0
1971,6.0,6.0,6.0,0.0
1972,7.0,6.0,6.0,0.0
1973,7.0,7.0,7.0,0.0
1974,7.0,7.0,6.0,1.0
1975,,,,
1976,7.0,7.0,7.0,0.0
1977,6.0,6.0,6.0,1.0
1978,5.0,5.0,5.0,1.0
1979,6.0,6.0,5.0,1.0
1980,6.0,6.0,6.0,1.0
1981,7.0,6.0,6.0,1.0
1982,6.0,6.0,6.0,1.0
1983,6.0,6.0,6.0,1.0
1984,7.0,6.0,7.0,1.0
1985,6.0,6.0,6.0,1.0
1986,6.0,5.0,5.0,0.0
1987,6.0,5.0,5.0,0.0
1988,,,,
1989,7.0,6.0,6.0,1.0
1990,6.0,6.0,6.0,1.0
1991,7.0,6.0,6.0,1.0
1992,6.0,6.0,6.0,1.0
1993,7.0,6.0,6.0,1.0
1994,6.0,6.0,6.0,1.0
1995,6.0,5.0,5.0,1.0
1996,6.0,6.0,6.0,0.0
1997,7.0,7.0,6.0,1.0
1998,6.0,6.0,6.0,1.0
1999,7.0,6.0,6.0,1.0
2000,6.0,6.0,6.0,1.0
2001,7.0,6.0,6.0,1.0
2002,5.0,6.0,6.0,0.0
2003,6.0,6.0,6.0,1.0
2004,7.0,6.0,6.0,0.0
2005,7.0,7.0,6.0,0.0
2006,6.0,5.0,5.0,0.0
2007,7.0,6.0,6.0,0.0
2008,6.0,6.0,6.0,0.0
2009,7.0,6.0,6.0,0.0
2010,7.0,6.0,7.0,1.0
2011,7.0,6.0,6.0,0.0
2012,6.0,6.0,6.0,0.0
2013,6.0,6.0,6.0,1.0
2014,6.0,6.0,6.0,0.0
2015,,,,
2016,,,,
2017,,,,
2018,,,,
2019,7.0,6.0,6.0,0.0
2020,6.0,6.0,6.0,1.0
2021,7.0,7.0,7.0,0.0
2022,7.0,6.0,7.0,1.0
2023,7.0,7.0,6.0,1.0
2024,7.0,6.0,7.0,1.0
2025,6.0,5.0,6.0,0.0
2026,6.0,6.0,6.0,0.0
2027,7.0,6.0,6.0,1.0
2028,6.0,6.0,6.0,0.0
2029,6.0,6.0,5.0,1.0
2030,,,,
2031,6.0,6.0,6.0,0.0
2032,7.0,6.0,6.0,1.0
2033,7.0,6.0,6.0,1.0
2034,7.0,6.0,6.0,0.0
2035,,,,
2036,6.0,6.0,6.0,1.0
2037,6.0,6.0,6.0,0.0
2038,6.0,6.0,6.0,1.0
2039,7.0,7.0,6.0,1.0
2040,7.0,6.0,6.0,0.0
2041,7.0,6.0,6.0,1.0
2042,7.0,6.0,7.0,0.0
2043,7.0,6.0,6.0,1.0
2044,6.0,5.0,6.0,1.0
2045,6.0,6.0,7.0,1.0
2046,6.0,5.0,5.0,1.0
2047,6.0,6.0,6.0,1.0
2048,7.0,7.0,6.0,1.0
2049,6.0,6.0,5.0,1.0
2050,6.0,7.0,6.0,1.0
2051,,,,
2052,7.0,7.0,6.0,1.0
2053,7.0,6.0,6.0,0.0
2054,7.0,6.0,6.0,0.0
2055,,,,
2056,7.0,6.0,6.0,0.0
2057,,,,
2058,6.0,6.0,6.0,1.0
2059,7.0,6.0,6.0,1.0
2060,6.0,6.0,6.0,0.0
2061,7.0,6.0,6.0,1.0
2062,6.0,6.0,6.0,1.0
2063,6.0,6.0,5.0,1.0
2064,,,,
2065,7.0,7.0,6.0,0.0
2066,6.0,6.0,6.0,1.0
2067,7.0,7.0,6.0,0.0
2068,7.0,6.0,6.0,0.0
2069,5.0,6.0,5.0,1.0
2070,6.0,6.0,6.0,1.0
2071,7.0,7.0,7.0,1.0
2072,6.0,6.0,6.0,1.0
2073,7.0,6.0,6.0,0.0
2074,,,,
2075,7.0,6.0,6.0,0.0
2076,6.0,6.0,6.0,1.0
2077,7.0,7.0,6.0,0.0
2078,6.0,6.0,6.0,0.0
2079,7.0,6.0,6.0,0.0
2080,7.0,7.0,7.0,0.0
2081,7.0,7.0,6.0,1.0
2082,7.0,7.0,6.0,0.0
2083,6.0,6.0,6.0,0.0
2084,5.0,6.0,5.0,0.0
2085,6.0,5.0,5.0,1.0
2086,6.0,6.0,7.0,1.0
2087,7.0,7.0,6.0,1.0
2088,6.0,5.0,6.0,0.0
2089,7.0,6.0,7.0,1.0
2090,,,,
2091,6.0,6.0,6.0,1.0
2092,7.0,6.0,6.0,0.0
2093,6.0,5.0,5.0,1.0
2094,7.0,6.0,6.0,1.0
2095,,,,
2096,6.0,6.0,6.0,0.0
2097,7.0,6.0,6.0,1.0
2098,7.0,6.0,6.0,0.0
2099,6.0,6.0,6.0,1.0
2100,5.0,5.0,5.0,1.0
2101,5.0,5.0,5.0,0.0
2102,6.0,6.0,7.0,1.0
2103,6.0,6.0,6.0,1.0
2104,6.0,5.0,5.0,0.0
2105,6.0,6.0,5.0,0.0
2106,6.0,6.0,6.0,0.0
2107,6.0,6.0,6.0,1.0
2108,7.0,7.0,6.0,1.0
2109,6.0,5.0,5.0,0.0
2110,6.0,6.0,6.0,1.0
2111,5.0,6.0,6.0,0.0
2112,6.0,6.0,6.0,0.0
2113,6.0,6.0,6.0,1.0
2114,,,,
2115,7.0,6.0,6.0,1.0
2116,6.0,7.0,7.0,1.0
2117,,,,
2118,7.0,6.0,6.0,1.0
2119,,,,
2120,7.0,6.0,6.0,1.0
2121,,,,
2122,,,,
2123,6.0,5.0,6.0,0.0
2124,7.0,7.0,6.0,1.0
2125,6.0,6.0,6.0,1.0
2126,,,,
2127,6.0,6.0,6.0,1.0
2128,7.0,6.0,7.0,1.0
2129,6.0,6.0,7.0,1.0
2130,6.0,6.0,6.0,1.0
2131,7.0,6.0,5.0,0.0
2132,6.0,6.0,6.0,0.0
2133,6.0,6.0,6.0,0.0
2134,7.0,6.0,6.0,1.0
2135,5.0,5.0,5.0,1.0
2136,6.0,6.0,6.0,1.0
2137,7.0,6.0,6.0,1.0
2138,6.0,6.0,6.0,1.0
2139,7.0,6.0,6.0,0.0
2140,7.0,7.0,6.0,0.0
2141,,,,
2142,7.0,7.0,6.0,0.0
2143,6.0,6.0,6.0,1.0
2144,6.0,6.0,6.0,0.0
2145,6.0,6.0,6.0,1.0
2146,7.0,6.0,6.0,0.0
2147,7.0,6.0,7.0,1.0
2148,5.0,6.0,5.0,0.0
2149,7.0,6.0,6.0,0.0
2150,7.0,6.0,6.0,1.0
2151,6.0,6.0,6.0,0.0
2152,6.0,6.0,6.0,0.0
2153,6.0,6.0,5.0,0.0
2154,,,,
2155,7.0,6.0,6.0,0.0
2156,7.0,6.0,6.0,1.0
2157,7.0,6.0,6.0,1.0
2158,,,,
2159,6.0,6.0,5.0,0.0
2160,6.0,6.0,6.0,1.0
2161,7.0,6.0,7.0,1.0
2162,,,,
2163,7.0,6.0,6.0,1.0
2164,6.0,6.0,5.0,1.0
2165,7.0,6.0,7.0,0.0
2166,7.0,6.0,7.0,1.0
2167,7.0,6.0,6.0,0.0
2168,7.0,6.0,6.0,1.0
2169,7.0,7.0,6.0,0.0
2170,7.0,6.0,6.0,1.0
2171,6.0,6.0,6.0,1.0
2172,7.0,7.0,6.0,1.0
2173,6.0,6.0,6.0,1.0
2174,7.0,6.0,7.0,1.0
2175,6.0,6.0,6.0,1.0
2176,5.0,5.0,6.0,0.0
2177,7.0,6.0,6.0,1.0
2178,5.0,5.0,5.0,1.0
2179,7.0,6.0,6.0,1.0
2180,7.0,7.0,6.0,1.0
2181,5.0,5.0,5.0,1.0
2182,,,,
2183,7.0,6.0,6.0,1.0
2184,6.0,6.0,6.0,0.0
2185,7.0,7.0,6.0,1.0
2186,5.0,6.0,6.0,0.0
2187,6.0,6.0,6.0,1.0
2188,5.0,6.0,6.0,0.0
2189,7.0,6.0,6.0,1.0
2190,6.0,6.0,6.0,1.0
2191,6.0,5.0,5.0,1.0
2192,6.0,6.0,6.0,0.0
2193,7.0,7.0,7.0,0.0
2194,6.0,6.0,6.0,0.0
2195,6.0,6.0,5.0,0.0
2196,7.0,6.0,7.0,0.0
2197,6.0,6.0,6.0,1.0
2198,6.0,6.0,6.0,1.0
2199,6.0,6.0,6.0,1.0
2200,6.0,5.0,6.0,1.0
2201,7.0,7.0,6.0,0.0
2202,6.0,6.0,6.0,0.0
2203,6.0,5.0,6.0,1.0
2204,6.0,6.0,6.0,1.0
2205,,,,
2206,6.0,6.0,6.0,1.0
2207,6.0,6.0,6.0,1.0
2208,7.0,6.0,6.0,1.0
2209,6.0,6.0,6.0,0.0
2210,6.0,6.0,6.0,0.0
2211,6.0,6.0,6.0,1.0
2212,,,,
2213,6.0,5.0,5.0,0.0
2214,5.0,5.0,6.0,1.0
2215,7.0,6.0,6.0,1.0
2216,7.0,6.0,6.0,0.0
2217,,,,
2218,,,,
2219,7.0,6.0,7.0,1.0
2220,7.0,6.0,6.0,1.0
2221,7.0,6.0,7.0,1.0
2222,6.0,5.0,6.0,0.0
2223,7.0,6.0,6.0,0.0
2224,6.0,7.0,6.0,0.0
2225,7.0,6.0,6.0,1.0
2226,7.0,6.0,6.0,0.0
2227,6.0,7.0,7.0,1.0
2228,6.0,6.0,6.0,0.0
2229,6.0,6.0,6.0,1.0
2230,6.0,6.0,6.0,0.0
2231,7.0,7.0,6.0,0.0
2232,,,,
2233,6.0,6.0,6.0,0.0
2234,6.0,6.0,6.0,1.0
2235,6.0,6.0,6.0,1.0
2236,7.0,6.0,6.0,0.0
2237,6.0,6.0,6.0,1.0
2238,7.0,6.0,6.0,0.0
2239,7.0,6.0,6.0,0.0
2240,,,,
2241,5.0,5.0,5.0,0.0
2242,6.0,5.0,6.0,0.0
2243,6.0,6.0,6.0,1.0
2244,7.0,6.0,6.0,1.0
2245,7.0,6.0,6.0,1.0
2246,6.0,6.0,6.0,1.0
2247,,,,
2248,7.0,6.0,6.0,1.0
2249,6.0,6.0,6.0,0.0
2250,7.0,6.0,6.0,1.0
2251,7.0,6.0,7.0,0.0
2252,6.0,6.0,6.0,1.0
2253,,,,
2254,7.0,6.0,6.0,0.0
2255,7.0,6.0,6.0,1.0
2256,7.0,6.0,6.0,0.0
2257,7.0,6.0,6.0,1.0
2258,6.0,5.0,6.0,0.0
2259,7.0,6.0,6.0,0.0
2260,6.0,5.0,5.0,1.0
2261,7.0,7.0,7.0,1.0
2262,7.0,7.0,6.0,0.0
2263,7.0,6.0,7.0,1.0
2264,7.0,6.0,6.0,0.0
2265,6.0,6.0,6.0,0.0
2266,7.0,6.0,6.0,1.0
2267,7.0,6.0,7.0,1.0
2268,6.0,6.0,6.0,1.0
2269,6.0,6.0,6.0,1.0
2270,7.0,6.0,6.0,0.0
2271,6.0,6.0,6.0,1.0
2272,,,,
2273,,,,
2274,6.0,6.0,6.0,0.0
2275,6.0,6.0,6.0,1.0
2276,6.0,5.0,6.0,0.0
2277,6.0,6.0,6.0,1.0
2278,,,,
2279,7.0,6.0,6.0,1.0
2280,6.0,6.0,6.0,0.0
2281,7.0,6.0,6.0,1.0
2282,6.0,6.0,6.0,0.0
2283,6.0,6.0,6.0,1.0
2284,6.0,6.0,6.0,1.0
2285,7.0,6.0,6.0,1.0
2286,6.0,6.0,6.0,1.0
2287,6.0,6.0,6.0,1.0
2288,7.0,6.0,6.0,1.0
2289,5.0,5.0,5.0,1.0
2290,7.0,6.0,6.0,1.0
2291,6.0,6.0,6.0,1.0
2292,6.0,6.0,5.0,0.0
2293,7.0,6.0,6.0,1.0
2294,7.0,6.0,7.0,1.0
2295,6.0,6.0,5.0,1.0
2296,,,,
2297,6.0,6.0,6.0,0.0
2298,6.0,6.0,7.0,1.0
2299,7.0,7.0,6.0,0.0
2300,5.0,5.0,5.0,0.0
2301,6.0,6.0,6.0,0.0
2302,6.0,6.0,6.0,1.0
2303,7.0,7.0,7.0,0.0
2304,6.0,6.0,6.0,1.0
2305,7.0,6.0,6.0,1.0
2306,6.0,6.0,6.0,1.0
2307,,,,
2308,6.0,6.0,6.0,0.0
2309,6.0,6.0,6.0,1.0
2310,7.0,6.0,6.0,0.0
2311,7.0,6.0,6.0,1.0
2312,7.0,6.0,6.0,0.0
2313,7.0,6.0,6.0,0.0
2314,6.0,6.0,5.0,1.0
2315,7.0,6.0,6.0,1.0
2316,7.0,6.0,6.0,0.0
2317,6.0,6.0,6.0,1.0
2318,6.0,6.0,6.0,0.0
2319,7.0,6.0,7.0,1.0
2320,6.0,6.0,6.0,0.0
2321,6.0,6.0,6.0,1.0
2322,7.0,6.0,7.0,1.0
2323,6.0,6.0,6.0,1.0
2324,7.0,6.0,6.0,0.0
2325,,,,
2326,6.0,6.0,6.0,1.0
2327,6.0,6.0,6.0,1.0
2328,,,,
2329,6.0,7.0,6.0,1.0
2330,7.0,6.0,6.0,1.0
2331,6.0,6.0,6.0,0.0
2332,7.0,6.0,6.0,0.0
2333,7.0,6.0,6.0,1.0
2334,6.0,6.0,6.0,1.0
2335,,,,
2336,,,,
2337,7.0,6.0,7.0,1.0
2338,6.0,6.0,5.0,1.0
2339,6.0,6.0,6.0,0.0
2340,6.0,6.0,6.0,1.0
2341,7.0,6.0,6.0,0.0
2342,6.0,6.0,6.0,1.0
2343,5.0,6.0,5.0,1.0
2344,7.0,6.0,6.0,0.0
2345,7.0,6.0,6.0,1.0
2346,,,,
2347,7.0,6.0,6.0,1.0
2348,6.0,5.0,5.0,1.0
2349,6.0,6.0,6.0,1.0
2350,6.0,6.0,6.0,1.0
2351,7.0,6.0,6.0,1.0
2352,7.0,6.0,6.0,1.0
2353,,,,
2354,6.0,5.0,6.0,1.0
2355,6.0,6.0,6.0,0.0
2356,7.0,6.0,6.0,1.0
2357,7.0,6.0,7.0,1.0
2358,6.0,6.0,6.0,0.0
2359,7.0,6.0,6.0,1.0
2360,6.0,6.0,6.0,1.0
2361,,,,
2362,6.0,6.0,6.0,1.0
2363,7.0,7.0,6.0,0.0
2364,6.0,6.0,6.0,1.0
2365,7.0,7.0,6.0,1.0
2366,6.0,5.0,5.0,0.0
2367,7.0,7.0,7.0,1.0
2368,6.0,6.0,6.0,1.0
2369,6.0,6.0,6.0,0.0
2370,6.0,6.0,6.0,1.0
2371,6.0,6.0,7.0,1.0
2372,7.0,6.0,6.0,1.0
2373,7.0,6.0,6.0,1.0
2374,7.0,6.0,6.0,1.0
2375,6.0,6.0,6.0,1.0
2376,6.0,6.0,5.0,1.0
2377,6.0,6.0,6.0,1.0
2378,7.0,6.0,6.0,1.0
2379,5.0,6.0,6.0,0.0
2380,7.0,6.0,6.0,1.0
2381,6.0,6.0,6.0,1.0
2382,7.0,6.0,6.0,0.0
2383,5.0,6.0,6.0,1.0
2384,7.0,6.0,6.0,1.0
2385,6.0,6.0,6.0,1.0
2386,7.0,6.0,6.0,1.0
2387,6.0,5.0,5.0,0.0
2388,7.0,6.0,7.0,0.0
2389,6.0,6.0,6.0,1.0
2390,7.0,6.0,6.0,0.0
2391,7.0,6.0,7.0,1.0
2392,6.0,6.0,5.0,1.0
2393,7.0,6.0,6.0,1.0
2394,7.0,6.0,6.0,0.0
2395,7.0,6.0,6.0,1.0
2396,7.0,6.0,6.0,1.0
2397,7.0,6.0,6.0,1.0
2398,6.0,6.0,6.0,0.0
2399,6.0,6.0,6.0,1.0
2400,7.0,6.0,6.0,0.0
2401,6.0,6.0,6.0,1.0
2402,7.0,6.0,5.0,0.0
2403,7.0,6.0,6.0,0.0
2404,6.0,6.0,6.0,0.0
2405,6.0,6.0,6.0,0.0
2406,7.0,6.0,6.0,1.0
2407,6.0,6.0,6.0,0.0
2408,6.0,6.0,6.0,1.0
2409,6.0,6.0,6.0,1.0
2410,,,,
2411,7.0,6.0,6.0,1.0
2412,,,,
2413,7.0,6.0,6.0,1.0
2414,6.0,6.0,6.0,1.0
2415,,,,
2416,6.0,6.0,6.0,1.0
2417,6.0,5.0,6.0,1.0
2418,6.0,6.0,6.0,0.0
2419,6.0,6.0,6.0,1.0
2420,7.0,6.0,6.0,1.0
2421,7.0,6.0,6.0,1.0
2422,7.0,7.0,7.0,1.0
2423,6.0,6.0,6.0,1.0
2424,7.0,6.0,6.0,1.0
2425,6.0,5.0,6.0,1.0
2426,7.0,6.0,6.0,0.0
2427,6.0,5.0,5.0,0.0
2428,6.0,6.0,6.0,1.0
2429,6.0,6.0,6.0,1.0
2430,,,,
2431,6.0,6.0,6.0,1.0
2432,6.0,6.0,6.0,0.0
2433,7.0,6.0,6.0,1.0
2434,7.0,6.0,7.0,1.0
2435,6.0,6.0,6.0,1.0
2436,6.0,5.0,6.0,1.0
2437,6.0,7.0,6.0,1.0
2438,7.0,6.0,6.0,0.0
2439,7.0,6.0,7.0,0.0
2440,6.0,7.0,6.0,0.0
2441,6.0,5.0,5.0,1.0
2442,7.0,6.0,6.0,1.0
2443,,,,
2444,7.0,6.0,6.0,0.0
2445,7.0,6.0,6.0,1.0
2446,7.0,7.0,6.0,1.0
2447,7.0,6.0,7.0,1.0
2448,7.0,6.0,6.0,0.0
2449,6.0,6.0,6.0,0.0
2450,,,,
2451,6.0,5.0,5.0,1.0
2452,6.0,6.0,6.0,0.0
2453,6.0,6.0,5.0,0.0
2454,7.0,6.0,6.0,1.0
2455,7.0,7.0,6.0,0.0
2456,6.0,6.0,6.0,0.0
2457,6.0,6.0,6.0,1.0
2458,7.0,6.0,6.0,0.0
2459,5.0,6.0,5.0,0.0
2460,6.0,6.0,6.0,1.0
2461,7.0,7.0,7.0,1.0
2462,6.0,6.0,7.0,1.0
2463,7.0,6.0,6.0,1.0
2464,7.0,6.0,6.0,0.0
2465,5.0,5.0,6.0,1.0
2466,5.0,5.0,5.0,1.0
2467,6.0,5.0,6.0,1.0
2468,6.0,6.0,6.0,1.0
2469,6.0,6.0,6.0,1.0
2470,7.0,6.0,6.0,1.0
2471,6.0,6.0,6.0,0.0
2472,7.0,6.0,6.0,1.0
2473,6.0,6.0,5.0,0.0
2474,6.0,6.0,6.0,1.0
2475,7.0,6.0,7.0,1.0
2476,6.0,7.0,6.0,1.0
2477,6.0,6.0,6.0,1.0
2478,7.0,6.0,6.0,1.0
2479,7.0,7.0,7.0,0.0
2480,6.0,6.0,6.0,1.0
2481,7.0,7.0,6.0,1.0
2482,7.0,6.0,6.0,1.0
2483,,,,
2484,6.0,6.0,6.0,0.0
2485,6.0,6.0,5.0,1.0
2486,5.0,5.0,5.0,0.0
2487,7.0,6.0,7.0,1.0
2488,6.0,6.0,6.0,1.0
2489,7.0,6.0,6.0,0.0
2490,7.0,6.0,6.0,1.0
2491,6.0,5.0,6.0,0.0
2492,6.0,6.0,6.0,1.0
2493,,,,
2494,6.0,6.0,6.0,1.0
2495,6.0,6.0,6.0,1.0
2496,7.0,7.0,6.0,1.0
2497,6.0,6.0,6.0,1.0
2498,6.0,6.0,5.0,1.0
2499,5.0,5.0,5.0,1.0
2500,,,,
2501,6.0,6.0,6.0,1.0
2502,6.0,6.0,6.0,1.0
2503,6.0,6.0,6.0,1.0
2504,7.0,6.0,6.0,1.0
2505,5.0,5.0,5.0,1.0
2506,6.0,6.0,5.0,1.0
2507,6.0,5.0,5.0,1.0
2508,7.0,7.0,6.0,1.0
2509,7.0,7.0,6.0,0.0
2510,7.0,6.0,6.0,1.0
2511,6.0,6.0,6.0,1.0
2512,7.0,6.0,6.0,1.0
2513,7.0,7.0,7.0,1.0
2514,7.0,6.0,6.0,0.0
2515,5.0,5.0,5.0,1.0
2516,6.0,6.0,6.0,0.0
2517,7.0,6.0,6.0,0.0
2518,6.0,6.0,6.0,0.0
2519,7.0,6.0,6.0,1.0
2520,6.0,6.0,6.0,0.0
2521,7.0,6.0,6.0,0.0
2522,5.0,5.0,6.0,1.0
2523,6.0,7.0,6.0,1.0
2524,5.0,5.0,5.0,0.0
2525,7.0,6.0,6.0,0.0
2526,,,,
2527,6.0,6.0,5.0,0.0
2528,6.0,6.0,6.0,1.0
2529,7.0,6.0,7.0,1.0
2530,7.0,6.0,6.0,0.0
2531,6.0,6.0,7.0,1.0
2532,7.0,6.0,6.0,0.0
2533,,,,
2534,6.0,6.0,6.0,1.0
2535,,,,
2536,6.0,6.0,6.0,1.0
2537,6.0,6.0,6.0,1.0
2538,7.0,6.0,6.0,1.0
2539,,,,
2540,,,,
2541,7.0,6.0,7.0,1.0
2542,7.0,6.0,7.0,1.0
2543,7.0,6.0,6.0,0.0
2544,7.0,6.0,6.0,1.0
2545,6.0,5.0,6.0,1.0
2546,7.0,6.0,6.0,1.0
2547,7.0,6.0,6.0,1.0
2548,6.0,6.0,6.0,1.0
2549,6.0,6.0,6.0,0.0
2550,6.0,6.0,7.0,1.0
2551,7.0,7.0,6.0,1.0
2552,6.0,5.0,5.0,1.0
2553,6.0,6.0,6.0,1.0
2554,,,,
2555,5.0,5.0,5.0,1.0
2556,6.0,5.0,5.0,1.0
2557,,,,
2558,7.0,7.0,6.0,1.0
2559,7.0,6.0,6.0,0.0
2560,7.0,7.0,7.0,0.0
2561,6.0,6.0,5.0,0.0
2562,7.0,6.0,6.0,0.0
2563,7.0,6.0,6.0,1.0
2564,5.0,5.0,6.0,1.0
2565,7.0,6.0,6.0,0.0
2566,7.0,6.0,6.0,0.0
2567,6.0,6.0,6.0,0.0
2568,7.0,6.0,6.0,1.0
2569,6.0,6.0,6.0,1.0
2570,6.0,6.0,7.0,1.0
2571,6.0,6.0,7.0,0.0
2572,6.0,6.0,6.0,0.0
2573,6.0,5.0,6.0,1.0
2574,6.0,6.0,6.0,1.0
2575,6.0,6.0,6.0,1.0
2576,6.0,6.0,7.0,0.0
2577,6.0,6.0,6.0,1.0
2578,7.0,6.0,6.0,0.0
2579,7.0,6.0,6.0,1.0
2580,6.0,6.0,6.0,1.0
2581,6.0,6.0,6.0,1.0
2582,6.0,5.0,5.0,0.0
2583,7.0,7.0,6.0,0.0
2584,5.0,6.0,5.0,1.0
2585,7.0,7.0,6.0,0.0
2586,6.0,6.0,6.0,1.0
2587,6.0,6.0,6.0,1.0
2588,7.0,6.0,7.0,1.0
2589,7.0,6.0,6.0,0.0
2590,6.0,6.0,5.0,1.0
2591,6.0,6.0,6.0,0.0
2592,7.0,7.0,7.0,1.0
2593,6.0,6.0,6.0,0.0
2594,6.0,6.0,6.0,0.0
2595,7.0,7.0,6.0,0.0
2596,6.0,6.0,7.0,1.0
2597,6.0,6.0,6.0,1.0
2598,7.0,6.0,6.0,1.0
2599,7.0,7.0,6.0,1.0
2600,6.0,6.0,6.0,0.0
2601,6.0,6.0,5.0,0.0
2602,7.0,6.0,6.0,1.0
2603,5.0,6.0,5.0,0.0
2604,6.0,6.0,6.0,0.0
2605,,,,
2606,,,,
2607,6.0,6.0,6.0,1.0
2608,7.0,6.0,7.0,1.0
2609,6.0,6.0,6.0,1.0
2610,7.0,6.0,7.0,1.0
2611,,,,
2612,6.0,6.0,6.0,0.0
2613,7.0,6.0,6.0,1.0
2614,6.0,7.0,7.0,0.0
2615,6.0,6.0,5.0,0.0
2616,6.0,6.0,5.0,1.0
2617,7.0,6.0,7.0,1.0
2618,7.0,6.0,6.0,0.0
2619,7.0,6.0,6.0,1.0
2620,6.0,6.0,6.0,1.0
2621,6.0,6.0,6.0,0.0
2622,6.0,5.0,5.0,1.0
2623,6.0,6.0,6.0,1.0
2624,7.0,6.0,6.0,1.0
2625,6.0,6.0,6.0,0.0
2626,,,,
2627,6.0,6.0,6.0,1.0
2628,6.0,5.0,6.0,1.0
2629,6.0,7.0,6.0,1.0
2630,,,,
2631,6.0,6.0,7.0,0.0
2632,6.0,7.0,6.0,1.0
2633,7.0,7.0,7.0,1.0
2634,7.0,6.0,6.0,1.0
2635,6.0,5.0,5.0,1.0
2636,7.0,6.0,7.0,1.0
2637,7.0,6.0,6.0,1.0
2638,6.0,6.0,5.0,1.0
2639,7.0,6.0,6.0,1.0
2640,6.0,6.0,6.0,1.0
2641,7.0,6.0,6.0,0.0
2642,6.0,6.0,6.0,1.0
2643,5.0,5.0,5.0,0.0
2644,6.0,6.0,6.0,0.0
2645,6.0,6.0,6.0,1.0
2646,,,,
2647,6.0,6.0,5.0,1.0
2648,7.0,6.0,7.0,1.0
2649,6.0,5.0,5.0,0.0
2650,7.0,6.0,7.0,0.0
2651,5.0,5.0,5.0,0.0
2652,7.0,6.0,6.0,0.0
2653,7.0,6.0,6.0,1.0
2654,7.0,7.0,6.0,0.0
2655,6.0,6.0,5.0,0.0
2656,6.0,5.0,5.0,1.0
2657,6.0,6.0,6.0,0.0
2658,6.0,7.0,6.0,1.0
2659,6.0,6.0,6.0,0.0
2660,7.0,6.0,6.0,1.0
2661,,,,
2662,6.0,6.0,6.0,0.0
2663,,,,
2664,6.0,6.0,6.0,0.0
2665,6.0,6.0,6.0,0.0
2666,6.0,6.0,7.0,1.0
2667,,,,
2668,6.0,5.0,6.0,1.0
2669,,,,
2670,5.0,6.0,5.0,0.0
2671,6.0,6.0,6.0,1.0
2672,6.0,6.0,5.0,0.0
2673,6.0,6.0,6.0,0.0
2674,6.0,6.0,5.0,0.0
2675,6.0,6.0,6.0,1.0
2676,6.0,6.0,6.0,0.0
2677,7.0,6.0,7.0,1.0
2678,6.0,7.0,7.0,1.0
2679,5.0,5.0,5.0,0.0
2680,6.0,5.0,6.0,1.0
2681,6.0,7.0,6.0,1.0
2682,7.0,6.0,6.0,1.0
2683,6.0,6.0,6.0,1.0
2684,6.0,6.0,7.0,1.0
2685,6.0,5.0,5.0,1.0
2686,7.0,6.0,6.0,1.0
2687,5.0,5.0,5.0,1.0
2688,7.0,6.0,6.0,0.0
2689,6.0,6.0,6.0,0.0
2690,6.0,6.0,6.0,0.0
2691,7.0,6.0,6.0,1.0
2692,7.0,6.0,6.0,0.0
2693,5.0,5.0,6.0,0.0
2694,5.0,5.0,5.0,0.0
2695,6.0,6.0,6.0,1.0
2696,,,,
2697,7.0,6.0,6.0,1.0
2698,7.0,7.0,7.0,0.0
2699,7.0,6.0,6.0,1.0
2700,6.0,6.0,6.0,1.0
2701,7.0,6.0,7.0,1.0
2702,6.0,6.0,6.0,1.0
2703,6.0,6.0,6.0,0.0
2704,,,,
2705,7.0,6.0,6.0,0.0
2706,6.0,6.0,7.0,1.0
2707,6.0,6.0,6.0,1.0
2708,7.0,6.0,6.0,1.0
2709,,,,
2710,6.0,6.0,6.0,1.0
2711,6.0,6.0,6.0,1.0
2712,7.0,7.0,7.0,0.0
2713,6.0,6.0,6.0,0.0
2714,7.0,7.0,6.0,0.0
2715,7.0,6.0,6.0,1.0
2716,,,,
2717,7.0,7.0,7.0,1.0
2718,7.0,6.0,7.0,1.0
2719,7.0,6.0,6.0,1.0
2720,6.0,5.0,5.0,1.0
2721,,,,
2722,,,,
2723,6.0,6.0,6.0,0.0
2724,7.0,6.0,6.0,0.0
2725,7.0,7.0,6.0,1.0
2726,7.0,7.0,6.0,1.0
2727,7.0,6.0,6.0,1.0
2728,6.0,6.0,6.0,1.0
2729,6.0,6.0,5.0,1.0
2730,7.0,6.0,6.0,1.0
2731,6.0,6.0,6.0,0.0
2732,7.0,7.0,7.0,1.0
2733,,,,
2734,7.0,7.0,6.0,0.0
2735,6.0,6.0,6.0,0.0
2736,6.0,6.0,6.0,1.0
2737,6.0,6.0,6.0,1.0
2738,7.0,7.0,6.0,1.0
2739,6.0,6.0,7.0,1.0
2740,7.0,7.0,6.0,1.0
2741,6.0,6.0,6.0,1.0
2742,6.0,6.0,7.0,1.0
2743,6.0,6.0,6.0,1.0
2744,5.0,5.0,5.0,0.0
2745,7.0,6.0,6.0,1.0
2746,6.0,6.0,6.0,1.0
2747,6.0,6.0,6.0,1.0
2748,6.0,6.0,6.0,0.0
2749,7.0,7.0,6.0,1.0
2750,7.0,6.0,6.0,0.0
2751,7.0,7.0,6.0,1.0
2752,5.0,6.0,6.0,0.0
2753,,,,
2754,7.0,6.0,6.0,1.0
2755,6.0,6.0,6.0,1.0
2756,7.0,6.0,6.0,1.0
2757,7.0,7.0,6.0,0.0
2758,6.0,5.0,5.0,1.0
2759,5.0,5.0,6.0,0.0
2760,7.0,7.0,6.0,1.0
2761,6.0,6.0,6.0,1.0
2762,7.0,6.0,6.0,1.0
2763,6.0,6.0,6.0,0.0
2764,6.0,6.0,5.0,0.0
2765,7.0,6.0,6.0,1.0
2766,7.0,6.0,6.0,0.0
2767,7.0,7.0,6.0,0.0
2768,7.0,6.0,6.0,1.0
2769,6.0,6.0,5.0,0.0
2770,7.0,6.0,7.0,0.0
2771,5.0,6.0,6.0,1.0
2772,6.0,6.0,7.0,1.0
2773,6.0,5.0,5.0,1.0
2774,7.0,6.0,7.0,1.0
2775,6.0,6.0,6.0,0.0
2776,6.0,6.0,6.0,0.0
2777,5.0,5.0,6.0,0.0
2778,6.0,6.0,6.0,1.0
2779,,,,
2780,7.0,6.0,6.0,0.0
2781,7.0,6.0,6.0,0.0
2782,7.0,6.0,6.0,1.0
2783,6.0,6.0,6.0,1.0
2784,6.0,6.0,6.0,0.0
2785,,,,
2786,7.0,6.0,6.0,1.0
2787,,,,
2788,6.0,6.0,6.0,1.0
2789,,,,
2790,7.0,7.0,7.0,0.0
2791,6.0,6.0,6.0,1.0
2792,7.0,7.0,6.0,1.0
2793,7.0,6.0,6.0,1.0
2794,6.0,6.0,6.0,0.0
2795,6.0,5.0,5.0,1.0
2796,7.0,6.0,7.0,1.0
2797,6.0,6.0,6.0,1.0
2798,7.0,6.0,6.0,1.0
2799,7.0,6.0,6.0,0.0
2800,6.0,6.0,6.0,0.0
2801,6.0,6.0,6.0,1.0
2802,7.0,7.0,6.0,0.0
2803,6.0,6.0,6.0,1.0
2804,6.0,5.0,5.0,1.0
2805,6.0,7.0,6.0,1.0
2806,7.0,7.0,6.0,0.0
2807,6.0,5.0,5.0,1.0
2808,7.0,7.0,6.0,1.0
2809,5.0,6.0,6.0,1.0
2810,6.0,6.0,6.0,0.0
2811,7.0,6.0,7.0,1.0
2812,7.0,6.0,6.0,0.0
2813,6.0,6.0,6.0,0.0
2814,7.0,6.0,6.0,1.0
2815,6.0,7.0,7.0,1.0
2816,6.0,6.0,6.0,1.0
2817,7.0,6.0,7.0,1.0
2818,7.0,7.0,6.0,0.0
2819,,,,
2820,6.0,6.0,6.0,0.0
2821,6.0,6.0,6.0,1.0
2822,7.0,6.0,6.0,1.0
2823,6.0,5.0,6.0,0.0
2824,6.0,6.0,7.0,1.0
2825,7.0,6.0,6.0,0.0
2826,7.0,6.0,6.0,0.0
2827,7.0,6.0,6.0,0.0
2828,7.0,6.0,6.0,1.0
2829,6.0,6.0,6.0,0.0
2830,6.0,6.0,7.0,0.0
2831,6.0,6.0,6.0,1.0
2832,,,,
2833,7.0,7.0,7.0,1.0
2834,6.0,5.0,5.0,1.0
2835,,,,
2836,7.0,6.0,6.0,0.0
2837,6.0,6.0,6.0,0.0
2838,7.0,6.0,6.0,1.0
2839,7.0,7.0,7.0,1.0
2840,6.0,6.0,7.0,1.0
2841,7.0,6.0,6.0,1.0
2842,7.0,6.0,7.0,1.0
2843,6.0,5.0,6.0,0.0
2844,5.0,6.0,5.0,1.0
2845,5.0,5.0,5.0,0.0
2846,7.0,6.0,6.0,1.0
2847,7.0,6.0,6.0,1.0
2848,6.0,6.0,6.0,1.0
2849,7.0,6.0,6.0,1.0
2850,,,,
2851,,,,
2852,6.0,6.0,6.0,0.0
2853,6.0,5.0,6.0,1.0
2854,7.0,6.0,6.0,0.0
2855,5.0,5.0,6.0,0.0
2856,6.0,7.0,7.0,0.0
2857,6.0,6.0,5.0,0.0
2858,7.0,6.0,6.0,0.0
2859,7.0,6.0,6.0,0.0
2860,,,,
2861,6.0,6.0,6.0,1.0
2862,7.0,6.0,6.0,1.0
2863,6.0,6.0,6.0,0.0
2864,6.0,6.0,6.0,0.0
2865,6.0,6.0,6.0,1.0
2866,7.0,7.0,6.0,0.0
2867,6.0,6.0,6.0,0.0
2868,7.0,6.0,6.0,0.0
2869,5.0,6.0,6.0,1.0
2870,7.0,7.0,6.0,0.0
2871,7.0,6.0,6.0,0.0
2872,6.0,6.0,5.0,1.0
2873,6.0,5.0,5.0,0.0
2874,6.0,6.0,6.0,0.0
2875,7.0,7.0,6.0,1.0
2876,7.0,7.0,6.0,1.0
2877,6.0,6.0,6.0,1.0
2878,6.0,6.0,6.0,0.0
2879,6.0,6.0,6.0,1.0
2880,6.0,5.0,5.0,0.0
2881,7.0,7.0,6.0,1.0
2882,7.0,7.0,6.0,1.0
2883,7.0,6.0,6.0,1.0
2884,6.0,6.0,5.0,1.0
2885,6.0,6.0,6.0,1.0
2886,6.0,6.0,6.0,0.0
2887,6.0,6.0,5.0,0.0
2888,,,,
2889,5.0,5.0,6.0,1.0
2890,6.0,6.0,5.0,0.0
2891,6.0,6.0,6.0,1.0
2892,6.0,6.0,6.0,1.0
2893,5.0,5.0,5.0,0.0
2894,6.0,5.0,6.0,1.0
2895,,,,
2896,7.0,7.0,6.0,0.0
2897,6.0,6.0,6.0,1.0
2898,6.0,6.0,6.0,1.0
2899,7.0,7.0,6.0,1.0
2900,6.0,6.0,6.0,0.0
2901,7.0,6.0,6.0,0.0
2902,7.0,7.0,7.0,1.0
2903,7.0,6.0,6.0,1.0
2904,,,,
2905,6.0,6.0,6.0,0.0
2906,,,,
2907,6.0,6.0,5.0,1.0
2908,5.0,6.0,5.0,0.0
2909,7.0,6.0,7.0,1.0
2910,,,,
2911,7.0,6.0,6.0,1.0
2912,6.0,5.0,5.0,1.0
2913,7.0,7.0,7.0,1.0
2914,6.0,6.0,6.0,0.0
2915,6.0,6.0,6.0,0.0
2916,6.0,6.0,5.0,0.0
2917,6.0,6.0,7.0,1.0
2918,7.0,6.0,6.0,0.0
2919,6.0,6.0,6.0,1.0
2920,6.0,6.0,6.0,0.0
2921,6.0,6.0,6.0,1.0
2922,6.0,6.0,6.0,1.0
2923,,,,
2924,7.0,7.0,6.0,1.0
2925,6.0,6.0,6.0,0.0
2926,6.0,5.0,5.0,0.0
2927,,,,
2928,6.0,6.0,6.0,1.0
2929,6.0,6.0,6.0,1.0
2930,6.0,6.0,6.0,1.0
2931,6.0,6.0,5.0,0.0
2932,6.0,6.0,6.0,1.0
2933,5.0,6.0,6.0,1.0
2934,7.0,6.0,6.0,1.0
2935,5.0,5.0,5.0,1.0
2936,6.0,6.0,6.0,1.0
2937,6.0,6.0,6.0,1.0
2938,,,,
2939,6.0,6.0,6.0,1.0
2940,5.0,6.0,6.0,0.0
2941,6.0,6.0,6.0,0.0
2942,,,,
2943,,,,
2944,7.0,6.0,6.0,1.0
2945,6.0,7.0,6.0,1.0
2946,7.0,6.0,6.0,0.0
2947,,,,
2948,7.0,6.0,6.0,0.0
2949,7.0,6.0,6.0,0.0
2950,7.0,6.0,6.0,1.0
2951,6.0,6.0,6.0,0.0
2952,,,,
2953,5.0,6.0,5.0,1.0
2954,5.0,6.0,5.0,0.0
2955,5.0,5.0,6.0,0.0
2956,7.0,6.0,6.0,1.0
2957,6.0,6.0,6.0,1.0
2958,7.0,6.0,6.0,0.0
2959,6.0,6.0,6.0,0.0
2960,6.0,6.0,6.0,1.0
2961,7.0,6.0,6.0,1.0
2962,7.0,6.0,5.0,0.0
2963,6.0,6.0,6.0,0.0
2964,6.0,6.0,6.0,1.0
2965,6.0,6.0,6.0,1.0
2966,6.0,6.0,6.0,1.0
2967,7.0,6.0,6.0,1.0
2968,6.0,6.0,6.0,0.0
2969,6.0,6.0,6.0,0.0
2970,7.0,6.0,6.0,1.0
2971,,,,
2972,7.0,6.0,7.0,1.0
2973,6.0,6.0,6.0,1.0
2974,7.0,7.0,6.0,1.0
2975,7.0,6.0,6.0,1.0
2976,7.0,6.0,6.0,1.0
2977,5.0,5.0,5.0,0.0
2978,7.0,6.0,6.0,0.0
2979,6.0,6.0,6.0,1.0
2980,6.0,6.0,6.0,0.0
2981,7.0,6.0,7.0,0.0
2982,7.0,7.0,6.0,1.0
2983,5.0,5.0,6.0,0.0
2984,7.0,7.0,6.0,0.0
2985,7.0,7.0,7.0,0.0
2986,6.0,6.0,6.0,1.0
2987,6.0,6.0,6.0,0.0
2988,7.0,6.0,6.0,1.0
2989,6.0,7.0,7.0,0.0
2990,6.0,6.0,6.0,1.0
2991,,,,
2992,7.0,6.0,7.0,1.0
2993,6.0,5.0,5.0,1.0
2994,6.0,6.0,6.0,1.0
2995,7.0,6.0,7.0,1.0
2996,7.0,7.0,7.0,1.0
2997,6.0,7.0,6.0,1.0
2998,6.0,5.0,5.0,1.0
2999,7.0,6.0,6.0,1.0
3000,,,,
3001,7.0,6.0,6.0,1.0
3002,7.0,6.0,6.0,0.0
3003,5.0,5.0,5.0,1.0
3004,7.0,7.0,6.0,1.0
3005,7.0,6.0,6.0,0.0
3006,7.0,6.0,6.0,1.0
3007,6.0,5.0,5.0,1.0
3008,,,,
3009,7.0,6.0,6.0,1.0
3010,7.0,6.0,7.0,1.0
3011,6.0,6.0,6.0,1.0
3012,7.0,7.0,7.0,1.0
3013,,,,
3014,6.0,6.0,6.0,0.0
3015,6.0,5.0,5.0,0.0
3016,5.0,5.0,5.0,0.0
3017,6.0,6.0,6.0,1.0
3018,7.0,6.0,7.0,1.0
3019,7.0,6.0,6.0,0.0
3020,6.0,6.0,5.0,0.0
3021,7.0,7.0,7.0,1.0
3022,6.0,6.0,6.0,0.0
3023,6.0,6.0,6.0,1.0
3024,6.0,6.0,6.0,1.0
3025,6.0,6.0,6.0,1.0
3026,6.0,6.0,6.0,1.0
3027,7.0,7.0,6.0,1.0
3028,6.0,6.0,5.0,0.0
3029,6.0,7.0,6.0,1.0
3030,7.0,6.0,6.0,1.0
3031,6.0,6.0,6.0,1.0
3032,6.0,6.0,6.0,1.0
3033,6.0,6.0,6.0,1.0
3034,,,,
3035,,,,
3036,7.0,6.0,6.0,1.0
3037,,,,
3038,,,,
3039,6.0,6.0,6.0,0.0
3040,,,,
3041,6.0,6.0,6.0,1.0
3042,,,,
3043,6.0,6.0,6.0,1.0
3044,6.0,6.0,6.0,1.0
3045,6.0,5.0,5.0,0.0
3046,7.0,7.0,7.0,1.0
3047,7.0,6.0,6.0,1.0
3048,6.0,6.0,6.0,1.0
3049,7.0,6.0,6.0,1.0
3050,7.0,6.0,6.0,0.0
3051,6.0,5.0,5.0,1.0
3052,6.0,7.0,7.0,0.0
3053,7.0,6.0,6.0,1.0
3054,7.0,7.0,7.0,0.0
3055,6.0,6.0,6.0,1.0
3056,,,,
3057,6.0,6.0,6.0,0.0
3058,6.0,6.0,6.0,1.0
3059,6.0,6.0,6.0,0.0
3060,6.0,6.0,5.0,1.0
3061,7.0,7.0,7.0,1.0
3062,,,,
3063,7.0,7.0,6.0,1.0
3064,7.0,6.0,7.0,0.0
3065,6.0,5.0,6.0,0.0
3066,7.0,6.0,6.0,1.0
3067,5.0,6.0,6.0,0.0
3068,6.0,5.0,5.0,0.0
3069,6.0,6.0,7.0,1.0
3070,7.0,6.0,6.0,0.0
3071,6.0,5.0,6.0,0.0
3072,6.0,6.0,5.0,1.0
3073,7.0,7.0,7.0,1.0
3074,6.0,7.0,6.0,1.0
3075,7.0,6.0,6.0,0.0
3076,6.0,6.0,6.0,1.0
3077,6.0,5.0,5.0,1.0
3078,6.0,5.0,6.0,1.0
3079,7.0,6.0,6.0,0.0
3080,7.0,6.0,7.0,0.0
3081,,,,
3082,6.0,6.0,6.0,1.0
3083,7.0,7.0,6.0,1.0
3084,7.0,6.0,7.0,1.0
3085,6.0,6.0,6.0,1.0
3086,,,,
3087,7.0,7.0,6.0,0.0
3088,7.0,6.0,6.0,1.0
3089,7.0,6.0,6.0,1.0
3090,7.0,6.0,6.0,0.0
3091,6.0,5.0,5.0,1.0
3092,6.0,6.0,6.0,1.0
3093,6.0,5.0,5.0,1.0
3094,7.0,6.0,6.0,0.0
3095,6.0,6.0,6.0,1.0
3096,,,,
3097,5.0,5.0,6.0,0.0
3098,7.0,6.0,6.0,0.0
3099,6.0,5.0,6.0,0.0
3100,7.0,7.0,6.0,1.0
3101,7.0,6.0,6.0,0.0
3102,7.0,6.0,6.0,1.0
3103,6.0,6.0,6.0,0.0
3104,6.0,6.0,6.0,1.0
3105,,,,
3106,7.0,6.0,7.0,1.0
3107,6.0,5.0,5.0,1.0
3108,7.0,7.0,6.0,1.0
3109,6.0,6.0,5.0,1.0
3110,6.0,5.0,5.0,1.0
3111,5.0,6.0,5.0,0.0
3112,6.0,6.0,6.0,1.0
3113,6.0,6.0,6.0,1.0
3114,,,,
3115,7.0,6.0,6.0,0.0
3116,6.0,6.0,6.0,0.0
3117,6.0,6.0,6.0,0.0
3118,7.0,7.0,6.0,1.0
3119,6.0,6.0,6.0,1.0
3120,,,,
3121,6.0,6.0,6.0,1.0
3122,7.0,6.0,6.0,0.0
3123,7.0,6.0,6.0,1.0
3124,7.0,6.0,6.0,1.0
3125,,,,
3126,7.0,6.0,6.0,1.0
3127,6.0,6.0,6.0,0.0
3128,7.0,6.0,6.0,0.0
3129,7.0,7.0,6.0,1.0
3130,5.0,5.0,5.0,1.0
3131,7.0,7.0,6.0,0.0
3132,7.0,6.0,6.0,1.0
3133,6.0,6.0,6.0,1.0
3134,5.0,5.0,5.0,1.0
3135,7.0,6.0,7.0,1.0
3136,7.0,6.0,6.0,1.0
3137,6.0,6.0,5.0,1.0
3138,7.0,6.0,6.0,1.0
3139,7.0,6.0,6.0,1.0
3140,7.0,6.0,6.0,1.0
3141,6.0,6.0,6.0,1.0
3142,6.0,5.0,6.0,1.0
3143,7.0,6.0,7.0,0.0
3144,7.0,7.0,7.0,1.0
3145,6.0,6.0,5.0,1.0
3146,7.0,7.0,6.0,1.0
3147,6.0,6.0,5.0,0.0
3148,6.0,5.0,6.0,1.0
3149,7.0,6.0,6.0,0.0
3150,6.0,6.0,6.0,1.0
3151,7.0,6.0,7.0,0.0
3152,6.0,6.0,6.0,0.0
3153,6.0,6.0,5.0,1.0
3154,6.0,6.0,7.0,0.0
3155,7.0,6.0,6.0,0.0
3156,6.0,6.0,6.0,0.0
3157,6.0,6.0,6.0,1.0
3158,6.0,6.0,6.0,1.0
3159,7.0,6.0,6.0,0.0
3160,6.0,6.0,6.0,0.0
3161,,,,
3162,6.0,6.0,6.0,1.0
3163,,,,
3164,6.0,6.0,7.0,1.0
3165,,,,
3166,7.0,6.0,7.0,0.0
3167,6.0,6.0,6.0,1.0
3168,6.0,6.0,6.0,0.0
3169,5.0,6.0,6.0,0.0
3170,7.0,6.0,6.0,1.0
3171,7.0,6.0,6.0,0.0
3172,6.0,6.0,6.0,1.0
3173,,,,
3174,6.0,6.0,5.0,0.0
3175,5.0,6.0,5.0,0.0
3176,7.0,6.0,7.0,1.0
3177,7.0,6.0,6.0,1.0
3178,6.0,6.0,6.0,0.0
3179,7.0,6.0,6.0,0.0
3180,7.0,7.0,6.0,0.0
3181,7.0,6.0,6.0,0.0
3182,6.0,5.0,5.0,0.0
3183,6.0,5.0,6.0,0.0
3184,7.0,6.0,6.0,1.0
3185,,,,
3186,6.0,6.0,6.0,1.0
3187,7.0,6.0,6.0,1.0
3188,5.0,6.0,5.0,0.0
3189,7.0,6.0,6.0,0.0
3190,6.0,6.0,6.0,1.0
3191,6.0,6.0,6.0,0.0
3192,6.0,6.0,5.0,1.0
3193,7.0,6.0,6.0,1.0
3194,6.0,5.0,5.0,0.0
3195,6.0,6.0,6.0,1.0
3196,6.0,5.0,5.0,0.0
3197,7.0,6.0,6.0,1.0
3198,6.0,5.0,6.0,1.0
3199,6.0,6.0,6.0,0.0
3200,6.0,6.0,6.0,0.0
3201,5.0,5.0,5.0,1.0
3202,7.0,6.0,6.0,1.0
3203,5.0,5.0,5.0,1.0
3204,7.0,6.0,6.0,1.0
3205,,,,
3206,6.0,6.0,6.0,1.0
3207,7.0,7.0,6.0,1.0
3208,6.0,6.0,6.0,1.0
3209,,,,
3210,7.0,6.0,6.0,1.0
3211,6.0,6.0,5.0,0.0
3212,6.0,6.0,6.0,1.0
3213,6.0,7.0,6.0,1.0
3214,6.0,6.0,6.0,0.0
3215,6.0,7.0,6.0,1.0
3216,5.0,5.0,5.0,0.0
3217,,,,
3218,6.0,6.0,7.0,1.0
3219,7.0,6.0,7.0,1.0
3220,7.0,6.0,6.0,0.0
3221,7.0,6.0,6.0,1.0
3222,7.0,6.0,7.0,1.0
3223,6.0,6.0,6.0,0.0
3224,6.0,6.0,6.0,1.0
3225,6.0,5.0,5.0,1.0
3226,7.0,6.0,6.0,1.0
3227,7.0,6.0,6.0,0.0
3228,6.0,6.0,6.0,1.0
3229,7.0,6.0,6.0,0.0
3230,7.0,6.0,6.0,1.0
3231,7.0,6.0,6.0,1.0
3232,7.0,6.0,6.0,1.0
3233,6.0,6.0,6.0,1.0
3234,6.0,6.0,6.0,1.0
3235,7.0,6.0,6.0,0.0
3236,6.0,6.0,6.0,1.0
3237,7.0,7.0,6.0,0.0
3238,5.0,5.0,6.0,1.0
3239,5.0,6.0,5.0,1.0
3240,6.0,6.0,7.0,1.0
3241,7.0,6.0,6.0,1.0
3242,6.0,6.0,6.0,0.0
3243,7.0,6.0,6.0,0.0
3244,7.0,7.0,7.0,0.0
3245,6.0,7.0,6.0,1.0
3246,6.0,6.0,5.0,0.0
3247,7.0,6.0,6.0,1.0
3248,7.0,7.0,6.0,1.0
3249,7.0,6.0,6.0,1.0
3250,,,,
3251,7.0,6.0,7.0,0.0
3252,6.0,5.0,6.0,1.0
3253,6.0,6.0,6.0,0.0
3254,6.0,5.0,5.0,0.0
3255,7.0,6.0,6.0,1.0
3256,,,,
3257,7.0,6.0,6.0,0.0
3258,6.0,5.0,6.0,0.0
3259,6.0,6.0,6.0,1.0
3260,7.0,6.0,6.0,0.0
3261,7.0,7.0,6.0,0.0
3262,6.0,6.0,6.0,1.0
3263,7.0,6.0,6.0,1.0
3264,7.0,7.0,6.0,0.0
3265,7.0,6.0,6.0,1.0
3266,6.0,6.0,6.0,0.0
3267,,,,
3268,,,,
3269,7.0,6.0,7.0,1.0
3270,6.0,6.0,6.0,1.0
3271,7.0,7.0,6.0,0.0
3272,7.0,6.0,7.0,1.0
3273,7.0,6.0,6.0,0.0
3274,7.0,6.0,6.0,1.0
3275,7.0,6.0,6.0,0.0
3276,6.0,6.0,6.0,1.0
3277,6.0,6.0,6.0,0.0
3278,6.0,5.0,5.0,0.0
3279,6.0,6.0,6.0,1.0
3280,6.0,6.0,6.0,0.0
3281,6.0,7.0,7.0,0.0
3282,,,,
3283,6.0,6.0,6.0,1.0
3284,6.0,6.0,6.0,0.0
3285,6.0,5.0,5.0,0.0
3286,,,,
3287,6.0,7.0,7.0,0.0
3288,6.0,6.0,6.0,1.0
3289,6.0,6.0,6.0,1.0
3290,6.0,6.0,6.0,1.0
3291,5.0,5.0,5.0,1.0
3292,6.0,6.0,5.0,1.0
3293,7.0,6.0,6.0,0.0
3294,6.0,5.0,6.0,1.0
3295,,,,
3296,6.0,5.0,5.0,0.0
3297,,,,
3298,5.0,5.0,6.0,1.0
3299,5.0,5.0,5.0,0.0
3300,,,,
3301,,,,
3302,5.0,5.0,5.0,1.0
3303,6.0,6.0,7.0,1.0
3304,6.0,6.0,6.0,1.0
3305,6.0,6.0,6.0,1.0
3306,7.0,6.0,6.0,0.0
3307,6.0,5.0,6.0,1.0
3308,5.0,5.0,5.0,0.0
3309,7.0,6.0,6.0,0.0
3310,6.0,6.0,6.0,1.0
3311,6.0,6.0,6.0,1.0
3312,7.0,6.0,6.0,1.0
3313,7.0,6.0,6.0,0.0
3314,6.0,6.0,6.0,1.0
3315,7.0,6.0,7.0,0.0
3316,7.0,7.0,6.0,0.0
3317,7.0,6.0,6.0,0.0
3318,,,,
3319,7.0,6.0,6.0,1.0
3320,5.0,6.0,6.0,0.0
3321,7.0,7.0,6.0,1.0
3322,,,,
3323,5.0,5.0,6.0,1.0
3324,7.0,7.0,7.0,1.0
3325,6.0,7.0,6.0,1.0
3326,6.0,6.0,6.0,1.0
3327,6.0,6.0,6.0,1.0
3328,6.0,7.0,6.0,0.0
3329,7.0,6.0,6.0,0.0
3330,7.0,6.0,7.0,1.0
3331,6.0,5.0,5.0,1.0
3332,6.0,5.0,5.0,0.0
3333,5.0,5.0,5.0,1.0
3334,6.0,7.0,6.0,1.0
3335,,,,
3336,6.0,6.0,6.0,1.0
3337,,,,
3338,6.0,5.0,5.0,1.0
3339,6.0,6.0,6.0,1.0
3340,6.0,5.0,6.0,0.0
3341,7.0,7.0,6.0,1.0
3342,6.0,6.0,6.0,1.0
3343,6.0,5.0,6.0,1.0
3344,6.0,6.0,6.0,0.0
3345,7.0,6.0,7.0,0.0
3346,6.0,6.0,7.0,1.0
3347,6.0,6.0,6.0,0.0
3348,,,,
3349,6.0,6.0,6.0,1.0
3350,6.0,6.0,6.0,0.0
3351,,,,
3352,7.0,6.0,6.0,1.0
3353,,,,
3354,7.0,7.0,6.0,0.0
3355,7.0,6.0,6.0,1.0
3356,6.0,6.0,6.0,1.0
3357,7.0,6.0,6.0,1.0
3358,7.0,7.0,6.0,0.0
3359,7.0,7.0,6.0,1.0
3360,,,,
3361,7.0,7.0,7.0,0.0
3362,6.0,6.0,6.0,1.0
3363,6.0,6.0,6.0,1.0
3364,6.0,6.0,6.0,1.0
3365,,,,
3366,7.0,7.0,6.0,0.0
3367,,,,
3368,,,,
3369,7.0,6.0,6.0,1.0
3370,6.0,6.0,6.0,0.0
3371,7.0,6.0,6.0,0.0
3372,6.0,6.0,6.0,1.0
3373,,,,
3374,7.0,6.0,6.0,0.0
3375,6.0,6.0,6.0,1.0
3376,5.0,5.0,5.0,0.0
3377,7.0,6.0,6.0,1.0
3378,6.0,6.0,6.0,1.0
3379,7.0,6.0,6.0,1.0
3380,7.0,7.0,7.0,1.0
3381,6.0,6.0,6.0,1.0
3382,7.0,6.0,6.0,1.0
3383,7.0,7.0,6.0,1.0
3384,7.0,6.0,6.0,0.0
3385,7.0,6.0,6.0,0.0
3386,6.0,5.0,5.0,0.0
3387,6.0,6.0,5.0,1.0
3388,7.0,7.0,6.0,1.0
3389,7.0,6.0,6.0,1.0
3390,7.0,7.0,6.0,1.0
3391,6.0,7.0,7.0,1.0
3392,6.0,6.0,6.0,1.0
3393,7.0,6.0,7.0,1.0
3394,6.0,5.0,6.0,1.0
3395,6.0,6.0,7.0,1.0
3396,7.0,6.0,6.0,1.0
3397,5.0,6.0,6.0,1.0
3398,7.0,6.0,6.0,0.0
3399,,,,
3400,7.0,6.0,6.0,1.0
3401,6.0,6.0,6.0,0.0
3402,6.0,6.0,6.0,0.0
3403,6.0,7.0,6.0,1.0
3404,6.0,6.0,6.0,0.0
3405,6.0,6.0,6.0,1.0
3406,6.0,6.0,6.0,1.0
3407,6.0,5.0,6.0,0.0
3408,6.0,6.0,6.0,1.0
3409,6.0,5.0,6.0,1.0
3410,6.0,6.0,6.0,1.0
3411,6.0,6.0,6.0,0.0
3412,7.0,7.0,7.0,0.0
3413,7.0,7.0,7.0,0.0
3414,6.0,6.0,6.0,0.0
3415,7.0,6.0,6.0,1.0
3416,7.0,6.0,6.0,1.0
3417,7.0,6.0,6.0,0.0
3418,7.0,7.0,6.0,1.0
3419,6.0,6.0,5.0,1.0
3420,7.0,6.0,7.0,1.0
3421,7.0,7.0,6.0,1.0
3422,7.0,6.0,6.0,1.0
3423,,,,
3424,7.0,6.0,6.0,1.0
3425,7.0,7.0,6.0,0.0
3426,7.0,6.0,6.0,1.0
3427,5.0,5.0,5.0,0.0
3428,7.0,6.0,6.0,1.0
3429,7.0,7.0,7.0,1.0
3430,6.0,6.0,5.0,0.0
3431,6.0,5.0,5.0,0.0
3432,6.0,5.0,6.0,0.0
3433,7.0,6.0,6.0,0.0
3434,6.0,6.0,6.0,1.0
3435,6.0,7.0,6.0,1.0
3436,7.0,7.0,6.0,0.0
3437,5.0,6.0,5.0,1.0
3438,7.0,6.0,6.0,1.0
3439,6.0,6.0,7.0,1.0
3440,,,,
3441,6.0,6.0,6.0,1.0
3442,7.0,7.0,7.0,1.0
3443,7.0,6.0,6.0,1.0
3444,6.0,6.0,6.0,1.0
3445,6.0,6.0,6.0,0.0
3446,6.0,6.0,5.0,0.0
3447,7.0,6.0,6.0,1.0
3448,7.0,6.0,6.0,1.0
3449,7.0,6.0,6.0,1.0
3450,7.0,7.0,6.0,1.0
3451,5.0,5.0,5.0,0.0
3452,6.0,6.0,6.0,1.0
3453,7.0,6.0,6.0,1.0
3454,7.0,7.0,7.0,1.0
3455,7.0,6.0,7.0,0.0
3456,7.0,6.0,6.0,0.0
3457,6.0,6.0,6.0,1.0
3458,5.0,5.0,5.0,1.0
3459,7.0,6.0,6.0,1.0
3460,6.0,5.0,5.0,1.0
3461,6.0,6.0,6.0,1.0
3462,6.0,5.0,5.0,1.0
3463,,,,
3464,6.0,6.0,6.0,1.0
3465,6.0,6.0,6.0,1.0
3466,7.0,6.0,6.0,1.0
3467,,,,
3468,6.0,6.0,6.0,1.0
3469,7.0,6.0,7.0,1.0
3470,6.0,6.0,6.0,1.0
3471,6.0,6.0,6.0,0.0
3472,,,,
3473,6.0,5.0,5.0,1.0
3474,6.0,6.0,7.0,1.0
3475,6.0,6.0,6.0,1.0
3476,7.0,7.0,6.0,0.0
3477,7.0,7.0,7.0,0.0
3478,6.0,6.0,6.0,1.0
3479,6.0,6.0,6.0,0.0
3480,6.0,6.0,6.0,1.0
3481,7.0,7.0,6.0,1.0
3482,,,,
3483,6.0,5.0,6.0,0.0
3484,6.0,6.0,6.0,1.0
3485,5.0,5.0,5.0,1.0
3486,,,,
3487,6.0,6.0,6.0,0.0
3488,5.0,5.0,5.0,0.0
3489,7.0,7.0,7.0,1.0
3490,6.0,5.0,5.0,1.0
3491,5.0,5.0,5.0,1.0
3492,6.0,5.0,5.0,0.0
3493,7.0,7.0,6.0,0.0
3494,7.0,6.0,7.0,1.0
3495,,,,
3496,7.0,6.0,6.0,1.0
3497,6.0,6.0,6.0,0.0
3498,7.0,6.0,6.0,1.0
3499,,,,
3500,6.0,6.0,6.0,1.0
3501,7.0,6.0,6.0,1.0
3502,6.0,6.0,6.0,0.0
3503,7.0,6.0,6.0,0.0
3504,,,,
3505,7.0,7.0,6.0,1.0
3506,7.0,6.0,6.0,1.0
3507,,,,
3508,7.0,6.0,6.0,1.0
3509,6.0,5.0,5.0,1.0
3510,7.0,7.0,6.0,1.0
3511,6.0,6.0,6.0,0.0
3512,,,,
3513,6.0,6.0,6.0,0.0
3514,6.0,6.0,6.0,0.0
3515,6.0,6.0,7.0,1.0
3516,,,,
3517,7.0,7.0,6.0,1.0
3518,7.0,6.0,6.0,1.0
3519,7.0,6.0,6.0,0.0
3520,6.0,6.0,6.0,1.0
3521,7.0,6.0,6.0,0.0
3522,,,,
3523,6.0,6.0,6.0,1.0
3524,7.0,6.0,6.0,0.0
3525,7.0,6.0,6.0,0.0
3526,7.0,6.0,6.0,1.0
3527,5.0,6.0,6.0,0.0
3528,7.0,6.0,7.0,1.0
3529,6.0,5.0,6.0,0.0
3530,7.0,6.0,6.0,1.0
3531,7.0,7.0,6.0,1.0
3532,7.0,6.0,6.0,1.0
3533,6.0,6.0,6.0,0.0
3534,7.0,6.0,6.0,1.0
3535,6.0,6.0,6.0,0.0
3536,6.0,5.0,6.0,1.0
3537,6.0,6.0,5.0,0.0
3538,,,,
3539,,,,
3540,7.0,6.0,7.0,1.0
3541,7.0,7.0,6.0,0.0
3542,7.0,6.0,6.0,0.0
3543,7.0,6.0,6.0,1.0
3544,7.0,6.0,6.0,0.0
3545,6.0,7.0,6.0,1.0
3546,6.0,6.0,7.0,0.0
3547,7.0,6.0,6.0,0.0
3548,7.0,6.0,7.0,0.0
3549,6.0,6.0,6.0,1.0
3550,6.0,7.0,7.0,0.0
3551,7.0,7.0,7.0,1.0
3552,6.0,6.0,6.0,1.0
3553,6.0,6.0,6.0,0.0
3554,,,,
3555,5.0,5.0,5.0,1.0
3556,6.0,6.0,6.0,1.0
3557,7.0,6.0,7.0,0.0
3558,6.0,6.0,6.0,0.0
3559,6.0,6.0,6.0,0.0
3560,7.0,7.0,7.0,1.0
3561,7.0,7.0,7.0,1.0
3562,7.0,7.0,6.0,1.0
3563,7.0,6.0,6.0,0.0
3564,6.0,6.0,6.0,1.0
3565,6.0,6.0,6.0,0.0
3566,5.0,5.0,5.0,0.0
3567,7.0,7.0,7.0,1.0
3568,6.0,6.0,6.0,1.0
3569,6.0,5.0,6.0,1.0
3570,7.0,6.0,6.0,0.0
3571,6.0,6.0,6.0,1.0
3572,6.0,6.0,6.0,1.0
3573,6.0,6.0,6.0,1.0
3574,,,,
3575,5.0,5.0,5.0,1.0
3576,7.0,6.0,6.0,1.0
3577,7.0,7.0,7.0,1.0
3578,7.0,6.0,7.0,1.0
3579,6.0,6.0,7.0,1.0
3580,6.0,6.0,6.0,1.0
3581,7.0,7.0,6.0,1.0
3582,6.0,5.0,6.0,1.0
3583,6.0,6.0,6.0,0.0
3584,7.0,7.0,6.0,1.0
3585,6.0,6.0,6.0,1.0
3586,6.0,5.0,6.0,1.0
3587,6.0,6.0,6.0,0.0
3588,7.0,7.0,7.0,1.0
3589,7.0,6.0,7.0,1.0
3590,6.0,5.0,5.0,0.0
3591,6.0,6.0,5.0,1.0
3592,6.0,6.0,6.0,1.0
3593,,,,
3594,7.0,6.0,7.0,1.0
3595,7.0,6.0,7.0,1.0
3596,6.0,6.0,6.0,1.0
3597,6.0,6.0,6.0,0.0
3598,6.0,6.0,6.0,1.0
3599,7.0,6.0,6.0,0.0
3600,7.0,6.0,6.0,1.0
3601,7.0,6.0,7.0,0.0
3602,6.0,6.0,6.0,1.0
3603,6.0,6.0,6.0,0.0
3604,,,,
3605,7.0,6.0,6.0,1.0
3606,6.0,6.0,6.0,1.0
3607,5.0,5.0,5.0,0.0
3608,6.0,6.0,6.0,1.0
3609,7.0,6.0,6.0,1.0
3610,7.0,7.0,6.0,1.0
3611,7.0,6.0,6.0,0.0
3612,6.0,6.0,6.0,0.0
3613,6.0,5.0,5.0,0.0
3614,7.0,6.0,6.0,0.0
3615,7.0,6.0,6.0,1.0
3616,,,,
3617,7.0,6.0,6.0,1.0
3618,6.0,7.0,7.0,1.0
3619,7.0,6.0,6.0,1.0
3620,7.0,7.0,7.0,1.0
3621,7.0,7.0,7.0,1.0
3622,6.0,6.0,5.0,1.0
3623,6.0,6.0,6.0,0.0
3624,7.0,7.0,6.0,0.0
3625,6.0,6.0,6.0,1.0
3626,,,,
3627,7.0,6.0,6.0,0.0
3628,6.0,5.0,6.0,0.0
3629,6.0,6.0,5.0,1.0
3630,6.0,5.0,5.0,1.0
3631,5.0,6.0,6.0,1.0
3632,6.0,5.0,6.0,0.0
3633,7.0,6.0,6.0,1.0
3634,7.0,6.0,6.0,1.0
3635,7.0,6.0,6.0,0.0
3636,7.0,7.0,7.0,1.0
3637,7.0,6.0,6.0,1.0
3638,6.0,5.0,5.0,1.0
3639,7.0,6.0,6.0,1.0
3640,6.0,5.0,5.0,1.0
3641,7.0,7.0,6.0,0.0
3642,7.0,6.0,7.0,0.0
3643,7.0,7.0,7.0,0.0
3644,5.0,5.0,5.0,0.0
3645,6.0,5.0,5.0,0.0
3646,7.0,6.0,7.0,1.0
3647,7.0,6.0,6.0,1.0
3648,6.0,6.0,7.0,1.0
3649,7.0,6.0,6.0,1.0
3650,,,,
3651,7.0,7.0,6.0,1.0
3652,,,,
3653,6.0,5.0,6.0,1.0
3654,6.0,6.0,6.0,1.0
3655,,,,
3656,6.0,6.0,6.0,1.0
3657,7.0,7.0,7.0,1.0
3658,7.0,7.0,7.0,0.0
3659,6.0,6.0,6.0,1.0
3660,7.0,6.0,6.0,0.0
3661,7.0,6.0,6.0,0.0
3662,6.0,6.0,6.0,1.0
3663,6.0,6.0,6.0,1.0
3664,,,,
3665,6.0,6.0,5.0,0.0
3666,6.0,5.0,5.0,1.0
3667,5.0,5.0,5.0,1.0
3668,6.0,6.0,5.0,1.0
3669,,,,
3670,6.0,6.0,6.0,1.0
3671,6.0,6.0,6.0,1.0
3672,6.0,7.0,7.0,0.0
3673,7.0,7.0,6.0,1.0
3674,7.0,6.0,6.0,0.0
3675,6.0,5.0,5.0,1.0
3676,6.0,5.0,5.0,1.0
3677,6.0,6.0,6.0,0.0
3678,6.0,6.0,6.0,1.0
3679,7.0,6.0,7.0,1.0
3680,7.0,6.0,7.0,0.0
3681,6.0,6.0,6.0,1.0
3682,,,,
3683,7.0,6.0,6.0,0.0
3684,7.0,6.0,6.0,0.0
3685,7.0,6.0,7.0,1.0
3686,6.0,6.0,6.0,0.0
3687,6.0,6.0,7.0,0.0
3688,,,,
3689,7.0,6.0,6.0,1.0
3690,6.0,6.0,6.0,1.0
3691,7.0,6.0,6.0,1.0
3692,5.0,6.0,5.0,1.0
3693,7.0,6.0,6.0,1.0
3694,7.0,7.0,7.0,1.0
3695,6.0,6.0,6.0,1.0
3696,6.0,6.0,6.0,0.0
3697,7.0,7.0,6.0,1.0
3698,5.0,6.0,6.0,1.0
3699,,,,
3700,,,,
3701,,,,
3702,7.0,7.0,6.0,1.0
3703,7.0,6.0,6.0,0.0
3704,7.0,6.0,6.0,0.0
3705,7.0,6.0,6.0,0.0
3706,7.0,6.0,6.0,1.0
3707,6.0,6.0,7.0,1.0
3708,7.0,6.0,7.0,0.0
3709,6.0,6.0,5.0,1.0
3710,7.0,6.0,7.0,1.0
3711,6.0,6.0,6.0,1.0
3712,,,,
3713,7.0,7.0,7.0,0.0
3714,7.0,7.0,6.0,1.0
3715,5.0,5.0,5.0,0.0
3716,6.0,7.0,6.0,1.0
3717,6.0,6.0,6.0,1.0
3718,5.0,5.0,5.0,0.0
3719,7.0,6.0,6.0,1.0
3720,7.0,7.0,6.0,0.0
3721,6.0,6.0,6.0,1.0
3722,7.0,6.0,7.0,1.0
3723,,,,
3724,7.0,7.0,6.0,0.0
3725,6.0,6.0,5.0,1.0
3726,7.0,6.0,6.0,1.0
3727,6.0,6.0,6.0,1.0
3728,6.0,6.0,5.0,1.0
3729,6.0,6.0,5.0,0.0
3730,6.0,5.0,6.0,0.0
3731,6.0,6.0,6.0,1.0
3732,5.0,5.0,5.0,1.0
3733,6.0,6.0,6.0,0.0
3734,5.0,5.0,6.0,1.0
3735,6.0,6.0,6.0,1.0
3736,,,,
3737,6.0,5.0,5.0,0.0
3738,5.0,5.0,5.0,1.0
3739,,,,
3740,6.0,6.0,6.0,1.0
3741,6.0,6.0,6.0,1.0
3742,,,,
3743,7.0,6.0,6.0,1.0
3744,7.0,6.0,6.0,0.0
3745,,,,
3746,7.0,6.0,6.0,1.0
3747,6.0,6.0,7.0,1.0
3748,7.0,6.0,7.0,1.0
3749,7.0,6.0,6.0,0.0
3750,6.0,6.0,6.0,0.0
3751,7.0,6.0,6.0,1.0
3752,,,,
3753,7.0,6.0,6.0,0.0
3754,7.0,7.0,7.0,1.0
3755,7.0,6.0,6.0,1.0
3756,6.0,6.0,5.0,1.0
3757,7.0,6.0,6.0,1.0
3758,5.0,5.0,5.0,1.0
3759,7.0,6.0,6.0,1.0
3760,6.0,6.0,6.0,1.0
3761,7.0,6.0,7.0,0.0
3762,6.0,6.0,6.0,0.0
3763,7.0,7.0,7.0,1.0
3764,6.0,5.0,5.0,1.0
3765,5.0,6.0,5.0,0.0
3766,7.0,6.0,6.0,1.0
3767,7.0,6.0,6.0,1.0
3768,7.0,7.0,7.0,1.0
3769,6.0,5.0,5.0,1.0
3770,5.0,5.0,5.0,1.0
3771,6.0,7.0,7.0,1.0
3772,6.0,6.0,7.0,1.0
3773,5.0,5.0,5.0,0.0
3774,7.0,6.0,6.0,1.0
3775,5.0,5.0,4.0,0.0
3776,7.0,7.0,6.0,1.0
3777,7.0,6.0,7.0,1.0
3778,7.0,6.0,6.0,1.0
3779,6.0,6.0,7.0,1.0
3780,7.0,6.0,6.0,0.0
3781,6.0,6.0,6.0,0.0
3782,6.0,6.0,6.0,0.0
3783,7.0,6.0,7.0,0.0
3784,,,,
3785,6.0,6.0,6.0,0.0
3786,7.0,6.0,6.0,0.0
3787,7.0,6.0,6.0,1.0
3788,7.0,6.0,6.0,1.0
3789,7.0,6.0,6.0,1.0
3790,7.0,6.0,7.0,1.0
3791,7.0,6.0,6.0,0.0
3792,6.0,6.0,6.0,1.0
3793,7.0,7.0,6.0,1.0
3794,7.0,6.0,6.0,1.0
3795,7.0,6.0,6.0,1.0
3796,6.0,7.0,6.0,1.0
3797,7.0,7.0,7.0,1.0
3798,7.0,7.0,7.0,1.0
3799,6.0,6.0,6.0,0.0
3800,5.0,6.0,5.0,1.0
3801,6.0,6.0,6.0,1.0
3802,7.0,6.0,6.0,1.0
3803,7.0,6.0,6.0,1.0
3804,6.0,6.0,6.0,1.0
3805,6.0,6.0,6.0,1.0
3806,6.0,7.0,6.0,1.0
3807,7.0,7.0,7.0,1.0
3808,7.0,6.0,6.0,0.0
3809,7.0,7.0,7.0,1.0
3810,6.0,5.0,6.0,0.0
3811,6.0,6.0,6.0,0.0
3812,6.0,6.0,6.0,0.0
3813,,,,
3814,,,,
3815,7.0,6.0,6.0,0.0
3816,7.0,7.0,7.0,1.0
3817,6.0,7.0,6.0,1.0
3818,6.0,6.0,6.0,1.0
3819,6.0,6.0,6.0,1.0
3820,7.0,6.0,6.0,1.0
3821,6.0,7.0,6.0,1.0
3822,7.0,6.0,7.0,1.0
3823,,,,
3824,6.0,6.0,5.0,1.0
3825,7.0,6.0,7.0,0.0
3826,6.0,6.0,6.0,0.0
3827,6.0,6.0,6.0,1.0
3828,7.0,6.0,6.0,1.0
3829,6.0,5.0,6.0,1.0
3830,7.0,6.0,6.0,1.0
3831,7.0,6.0,6.0,1.0
3832,6.0,6.0,5.0,0.0
3833,6.0,5.0,5.0,1.0
3834,,,,
3835,7.0,6.0,6.0,1.0
3836,6.0,6.0,6.0,1.0
3837,,,,
3838,5.0,5.0,5.0,0.0
3839,7.0,6.0,6.0,0.0
3840,6.0,6.0,6.0,1.0
3841,5.0,5.0,5.0,1.0
3842,6.0,6.0,7.0,1.0
3843,6.0,5.0,5.0,0.0
3844,6.0,7.0,6.0,1.0
3845,7.0,7.0,6.0,1.0
3846,7.0,6.0,7.0,0.0
3847,5.0,5.0,5.0,0.0
3848,7.0,6.0,6.0,1.0
3849,7.0,6.0,6.0,1.0
3850,7.0,6.0,6.0,1.0
3851,,,,
3852,5.0,5.0,6.0,1.0
3853,6.0,6.0,5.0,1.0
3854,7.0,6.0,6.0,0.0
3855,6.0,6.0,6.0,1.0
3856,,,,
3857,7.0,6.0,6.0,0.0
3858,7.0,6.0,6.0,1.0
3859,6.0,6.0,6.0,1.0
3860,7.0,6.0,7.0,0.0
3861,5.0,6.0,5.0,0.0
3862,7.0,7.0,6.0,0.0
3863,5.0,5.0,5.0,0.0
3864,7.0,7.0,7.0,1.0
3865,7.0,6.0,7.0,0.0
3866,6.0,6.0,5.0,0.0
3867,5.0,5.0,5.0,0.0
3868,6.0,5.0,5.0,1.0
3869,7.0,7.0,7.0,1.0
3870,7.0,7.0,6.0,0.0
3871,7.0,6.0,6.0,1.0
3872,7.0,6.0,7.0,0.0
3873,6.0,6.0,6.0,1.0
3874,,,,
3875,6.0,6.0,6.0,1.0
3876,6.0,6.0,7.0,0.0
3877,6.0,6.0,6.0,1.0
3878,7.0,7.0,6.0,1.0
3879,6.0,6.0,7.0,1.0
3880,7.0,6.0,6.0,0.0
3881,7.0,7.0,6.0,0.0
3882,6.0,6.0,6.0,0.0
3883,6.0,6.0,5.0,0.0
3884,7.0,7.0,7.0,0.0
3885,6.0,6.0,6.0,1.0
3886,6.0,6.0,6.0,1.0
3887,6.0,6.0,6.0,0.0
3888,7.0,6.0,6.0,0.0
3889,6.0,6.0,6.0,1.0
3890,7.0,6.0,6.0,0.0
3891,7.0,7.0,6.0,1.0
3892,7.0,6.0,6.0,0.0
3893,7.0,6.0,6.0,1.0
3894,6.0,6.0,5.0,1.0
3895,6.0,6.0,5.0,1.0
3896,6.0,6.0,6.0,0.0
3897,6.0,6.0,5.0,1.0
3898,6.0,6.0,6.0,1.0
3899,6.0,6.0,6.0,1.0
3900,6.0,6.0,6.0,0.0
3901,7.0,6.0,7.0,1.0
3902,7.0,6.0,6.0,1.0
3903,6.0,6.0,6.0,1.0
3904,7.0,6.0,7.0,1.0
3905,6.0,6.0,6.0,1.0
3906,6.0,6.0,6.0,0.0
3907,,,,
3908,6.0,6.0,6.0,1.0
3909,7.0,6.0,6.0,0.0
3910,7.0,7.0,6.0,1.0
3911,7.0,6.0,6.0,0.0
3912,7.0,6.0,6.0,0.0
3913,6.0,6.0,6.0,1.0
3914,6.0,6.0,6.0,1.0
3915,7.0,6.0,6.0,0.0
3916,6.0,6.0,6.0,1.0
3917,6.0,5.0,5.0,0.0
3918,6.0,6.0,6.0,1.0
3919,6.0,6.0,6.0,0.0
3920,,,,
3921,7.0,7.0,7.0,1.0
3922,5.0,5.0,5.0,1.0
3923,5.0,6.0,5.0,0.0
3924,6.0,6.0,6.0,1.0
3925,6.0,6.0,6.0,1.0
3926,7.0,7.0,7.0,0.0
3927,6.0,6.0,6.0,0.0
3928,7.0,6.0,6.0,0.0
3929,6.0,6.0,5.0,0.0
3930,,,,
3931,6.0,5.0,6.0,0.0
3932,7.0,6.0,6.0,1.0
3933,6.0,6.0,6.0,0.0
3934,6.0,6.0,6.0,0.0
3935,6.0,7.0,6.0,1.0
3936,6.0,6.0,6.0,1.0
3937,6.0,6.0,7.0,0.0
3938,7.0,6.0,6.0,1.0
3939,6.0,5.0,5.0,0.0
3940,,,,
3941,6.0,6.0,6.0,1.0
3942,7.0,7.0,6.0,1.0
3943,7.0,6.0,7.0,1.0
3944,6.0,7.0,7.0,1.0
3945,7.0,6.0,6.0,1.0
3946,6.0,6.0,6.0,1.0
3947,7.0,6.0,7.0,1.0
3948,,,,
3949,6.0,5.0,5.0,0.0
3950,5.0,5.0,5.0,0.0
3951,6.0,6.0,5.0,0.0
3952,7.0,6.0,6.0,1.0
3953,6.0,6.0,6.0,0.0
3954,5.0,5.0,5.0,0.0
3955,7.0,7.0,6.0,1.0
3956,6.0,6.0,7.0,0.0
3957,6.0,5.0,6.0,1.0
3958,6.0,6.0,6.0,0.0
3959,6.0,5.0,6.0,0.0
3960,7.0,6.0,6.0,1.0
3961,6.0,6.0,5.0,0.0
3962,5.0,5.0,5.0,0.0
3963,5.0,5.0,5.0,0.0
3964,7.0,6.0,6.0,1.0
3965,7.0,6.0,6.0,1.0
3966,6.0,6.0,6.0,0.0
3967,6.0,6.0,6.0,1.0
3968,7.0,7.0,6.0,1.0
3969,,,,
3970,6.0,6.0,6.0,1.0
3971,7.0,6.0,7.0,1.0
3972,7.0,6.0,6.0,0.0
3973,7.0,6.0,7.0,0.0
3974,6.0,6.0,6.0,1.0
3975,5.0,5.0,5.0,0.0
3976,6.0,6.0,6.0,1.0
3977,,,,
3978,7.0,6.0,6.0,0.0
3979,6.0,5.0,5.0,1.0
3980,6.0,5.0,5.0,1.0
3981,6.0,7.0,7.0,1.0
3982,6.0,6.0,6.0,1.0
3983,6.0,6.0,6.0,1.0
3984,6.0,5.0,5.0,0.0
3985,6.0,7.0,6.0,0.0
3986,7.0,6.0,6.0,1.0
3987,5.0,5.0,5.0,1.0
3988,6.0,6.0,6.0,0.0
3989,7.0,6.0,7.0,1.0
3990,7.0,6.0,7.0,1.0
3991,6.0,5.0,6.0,0.0
3992,6.0,5.0,6.0,0.0
3993,6.0,7.0,6.0,1.0
3994,6.0,6.0,6.0,1.0
3995,6.0,7.0,6.0,0.0
3996,6.0,6.0,5.0,1.0
3997,6.0,7.0,6.0,0.0
3998,5.0,5.0,6.0,0.0
3999,6.0,6.0,6.0,1.0
4000,6.0,5.0,5.0,1.0
4001,6.0,6.0,6.0,1.0
4002,7.0,6.0,7.0,0.0
4003,,,,
4004,7.0,6.0,6.0,1.0
4005,7.0,6.0,6.0,1.0
4006,7.0,6.0,6.0,0.0
4007,7.0,6.0,6.0,1.0
4008,,,,
4009,,,,
4010,6.0,6.0,6.0,0.0
4011,,,,
4012,6.0,6.0,6.0,1.0
4013,6.0,6.0,6.0,0.0
4014,6.0,6.0,6.0,1.0
4015,7.0,6.0,6.0,0.0
4016,7.0,6.0,6.0,1.0
4017,7.0,7.0,7.0,0.0
4018,6.0,6.0,6.0,0.0
4019,5.0,5.0,5.0,1.0
4020,7.0,6.0,6.0,1.0
4021,5.0,6.0,5.0,1.0
4022,,,,
4023,6.0,6.0,6.0,0.0
4024,7.0,7.0,6.0,1.0
4025,7.0,6.0,6.0,1.0
4026,7.0,7.0,6.0,1.0
4027,6.0,6.0,6.0,1.0
4028,6.0,6.0,6.0,1.0
4029,7.0,6.0,6.0,0.0
4030,6.0,6.0,6.0,0.0
4031,,,,
4032,6.0,6.0,6.0,0.0
4033,6.0,6.0,7.0,0.0
4034,7.0,6.0,6.0,0.0
4035,6.0,5.0,5.0,0.0
4036,7.0,6.0,6.0,1.0
4037,,,,
4038,7.0,7.0,6.0,1.0
4039,6.0,6.0,7.0,1.0
4040,7.0,6.0,6.0,1.0
4041,,,,
4042,5.0,6.0,5.0,0.0
4043,,,,
4044,7.0,7.0,6.0,0.0
4045,7.0,7.0,6.0,0.0
4046,5.0,6.0,6.0,1.0
4047,,,,
4048,7.0,6.0,6.0,1.0
4049,,,,
4050,6.0,6.0,6.0,0.0
4051,6.0,6.0,7.0,1.0
4052,7.0,7.0,6.0,1.0
4053,6.0,7.0,6.0,1.0
4054,6.0,7.0,6.0,1.0
4055,6.0,6.0,5.0,0.0
4056,6.0,6.0,6.0,1.0
4057,7.0,6.0,7.0,1.0
4058,7.0,6.0,6.0,1.0
4059,7.0,6.0,6.0,0.0
4060,,,,
4061,7.0,6.0,6.0,0.0
4062,6.0,6.0,6.0,1.0
4063,7.0,6.0,6.0,1.0
4064,,,,
4065,7.0,7.0,7.0,0.0
4066,7.0,6.0,6.0,0.0
4067,6.0,6.0,6.0,1.0
4068,7.0,6.0,6.0,1.0
4069,6.0,6.0,6.0,0.0
4070,6.0,5.0,5.0,0.0
4071,7.0,6.0,6.0,1.0
4072,6.0,6.0,6.0,0.0
4073,6.0,6.0,6.0,1.0
4074,,,,
4075,7.0,6.0,7.0,1.0
4076,6.0,5.0,5.0,0.0
4077,6.0,7.0,6.0,0.0
4078,7.0,7.0,6.0,1.0
4079,7.0,6.0,6.0,1.0
4080,6.0,5.0,5.0,1.0
4081,7.0,6.0,6.0,0.0
4082,7.0,6.0,6.0,0.0
4083,7.0,6.0,6.0,1.0
4084,,,,
4085,6.0,6.0,6.0,0.0
4086,7.0,6.0,6.0,0.0
4087,6.0,6.0,6.0,0.0
4088,7.0,7.0,7.0,0.0
4089,7.0,6.0,6.0,0.0
4090,7.0,6.0,6.0,1.0
4091,6.0,6.0,5.0,1.0
4092,6.0,7.0,6.0,0.0
4093,6.0,5.0,5.0,1.0
4094,6.0,6.0,6.0,1.0
4095,7.0,6.0,6.0,1.0
4096,7.0,6.0,6.0,1.0
4097,7.0,7.0,6.0,0.0
4098,7.0,6.0,7.0,1.0
4099,7.0,6.0,6.0,1.0
4100,,,,
4101,6.0,6.0,6.0,1.0
4102,6.0,5.0,6.0,1.0
4103,6.0,5.0,6.0,0.0
4104,5.0,6.0,6.0,1.0
4105,6.0,6.0,6.0,1.0
4106,6.0,6.0,6.0,0.0
4107,6.0,6.0,6.0,0.0
4108,6.0,6.0,5.0,1.0
4109,7.0,7.0,7.0,1.0
4110,7.0,6.0,7.0,0.0
4111,7.0,7.0,6.0,1.0
4112,6.0,5.0,6.0,1.0
4113,7.0,6.0,6.0,0.0
4114,6.0,5.0,5.0,0.0
4115,6.0,6.0,5.0,1.0
4116,7.0,6.0,6.0,1.0
4117,6.0,6.0,6.0,1.0
4118,7.0,7.0,6.0,1.0
4119,6.0,6.0,6.0,0.0
4120,6.0,6.0,7.0,1.0
4121,6.0,6.0,6.0,0.0
4122,5.0,5.0,5.0,1.0
4123,7.0,6.0,6.0,1.0
4124,6.0,6.0,6.0,0.0
4125,7.0,7.0,6.0,1.0
4126,,,,
4127,6.0,6.0,6.0,0.0
4128,7.0,7.0,7.0,1.0
4129,7.0,6.0,6.0,0.0
4130,6.0,6.0,6.0,1.0
4131,,,,
4132,7.0,6.0,6.0,1.0
4133,7.0,7.0,6.0,1.0
4134,6.0,6.0,6.0,0.0
4135,7.0,7.0,7.0,1.0
4136,7.0,6.0,6.0,1.0
4137,6.0,6.0,6.0,1.0
4138,7.0,6.0,6.0,1.0
4139,6.0,6.0,7.0,1.0
4140,6.0,5.0,6.0,1.0
4141,6.0,5.0,5.0,1.0
4142,6.0,6.0,6.0,0.0
4143,6.0,6.0,6.0,1.0
4144,6.0,6.0,6.0,1.0
4145,7.0,6.0,6.0,1.0
4146,6.0,6.0,6.0,0.0
4147,7.0,6.0,6.0,0.0
4148,6.0,6.0,6.0,1.0
4149,6.0,7.0,6.0,0.0
4150,7.0,7.0,6.0,0.0
4151,6.0,6.0,6.0,1.0
4152,,,,
4153,7.0,6.0,6.0,1.0
4154,6.0,6.0,6.0,1.0
4155,6.0,6.0,5.0,1.0
4156,7.0,7.0,7.0,0.0
4157,7.0,7.0,6.0,1.0
4158,6.0,6.0,5.0,0.0
4159,6.0,5.0,5.0,0.0
4160,,,,
4161,5.0,6.0,6.0,0.0
4162,6.0,6.0,6.0,1.0
4163,6.0,6.0,6.0,0.0
4164,6.0,6.0,6.0,1.0
4165,6.0,5.0,6.0,1.0
4166,7.0,6.0,6.0,1.0
4167,6.0,5.0,5.0,0.0
4168,5.0,6.0,6.0,1.0
4169,7.0,6.0,6.0,1.0
4170,7.0,6.0,7.0,1.0
4171,6.0,6.0,6.0,1.0
4172,7.0,6.0,6.0,1.0
4173,7.0,7.0,7.0,1.0
4174,7.0,7.0,6.0,0.0
4175,6.0,6.0,7.0,1.0
4176,5.0,5.0,6.0,0.0
4177,6.0,7.0,6.0,0.0
4178,7.0,7.0,7.0,1.0
4179,7.0,6.0,6.0,0.0
4180,6.0,5.0,5.0,1.0
4181,,,,
4182,7.0,6.0,6.0,1.0
4183,6.0,6.0,6.0,0.0
4184,7.0,6.0,6.0,0.0
4185,7.0,7.0,6.0,1.0
4186,7.0,6.0,6.0,1.0
4187,6.0,6.0,6.0,1.0
4188,7.0,7.0,6.0,1.0
4189,6.0,5.0,5.0,1.0
4190,7.0,6.0,6.0,1.0
4191,6.0,6.0,7.0,1.0
4192,,,,
4193,6.0,6.0,6.0,1.0
4194,5.0,6.0,5.0,0.0
4195,7.0,6.0,6.0,1.0
4196,7.0,6.0,7.0,0.0
4197,7.0,7.0,7.0,1.0
4198,6.0,6.0,6.0,1.0
4199,6.0,6.0,6.0,0.0
4200,6.0,5.0,6.0,0.0
4201,,,,
4202,6.0,6.0,5.0,1.0
4203,6.0,5.0,5.0,0.0
4204,6.0,6.0,7.0,0.0
4205,6.0,6.0,6.0,1.0
4206,,,,
4207,6.0,6.0,6.0,1.0
4208,7.0,7.0,6.0,1.0
4209,6.0,5.0,6.0,1.0
4210,,,,
4211,6.0,6.0,6.0,0.0
4212,6.0,6.0,6.0,0.0
4213,6.0,6.0,6.0,1.0
4214,5.0,5.0,5.0,1.0
4215,,,,
4216,7.0,6.0,6.0,0.0
4217,6.0,5.0,5.0,1.0
4218,6.0,5.0,6.0,1.0
4219,,,,
4220,6.0,5.0,6.0,0.0
4221,7.0,6.0,7.0,1.0
4222,6.0,6.0,6.0,1.0
4223,6.0,6.0,7.0,0.0
4224,7.0,6.0,6.0,1.0
4225,6.0,6.0,7.0,1.0
4226,7.0,7.0,6.0,0.0
4227,6.0,6.0,6.0,1.0
4228,7.0,6.0,6.0,1.0
4229,6.0,5.0,5.0,0.0
4230,,,,
4231,6.0,6.0,6.0,0.0
4232,,,,
4233,7.0,7.0,6.0,0.0
4234,6.0,6.0,5.0,1.0
4235,6.0,6.0,7.0,1.0
4236,6.0,6.0,6.0,1.0
4237,6.0,6.0,6.0,1.0
4238,6.0,5.0,5.0,1.0
4239,7.0,6.0,6.0,1.0
4240,7.0,6.0,6.0,1.0
4241,7.0,7.0,7.0,0.0
4242,7.0,7.0,6.0,1.0
4243,6.0,6.0,5.0,0.0
4244,7.0,7.0,6.0,1.0
4245,7.0,7.0,7.0,0.0
4246,7.0,6.0,6.0,0.0
4247,6.0,6.0,7.0,1.0
4248,7.0,6.0,7.0,0.0
4249,6.0,6.0,6.0,0.0
4250,6.0,6.0,6.0,0.0
4251,6.0,6.0,5.0,0.0
4252,7.0,7.0,7.0,0.0
4253,7.0,7.0,6.0,0.0
4254,,,,
4255,5.0,5.0,5.0,1.0
4256,7.0,6.0,6.0,0.0
4257,7.0,6.0,6.0,1.0
4258,6.0,6.0,6.0,0.0
4259,6.0,6.0,6.0,1.0
4260,6.0,6.0,6.0,0.0
4261,7.0,6.0,7.0,1.0
4262,7.0,7.0,7.0,1.0
4263,6.0,6.0,7.0,1.0
4264,6.0,5.0,5.0,0.0
4265,7.0,6.0,7.0,1.0
4266,6.0,7.0,6.0,0.0
4267,7.0,6.0,6.0,0.0
4268,7.0,6.0,7.0,1.0
4269,6.0,6.0,6.0,0.0
4270,6.0,6.0,6.0,0.0
4271,6.0,6.0,6.0,0.0
4272,7.0,7.0,6.0,1.0
4273,6.0,6.0,5.0,0.0
4274,6.0,6.0,6.0,1.0
4275,7.0,6.0,6.0,1.0
4276,7.0,6.0,7.0,0.0
4277,6.0,6.0,6.0,1.0
4278,5.0,6.0,5.0,1.0
4279,7.0,6.0,6.0,1.0
4280,7.0,6.0,6.0,1.0
4281,6.0,6.0,6.0,1.0
4282,7.0,7.0,7.0,1.0
4283,6.0,5.0,5.0,1.0
4284,,,,
4285,6.0,6.0,6.0,1.0
4286,6.0,6.0,6.0,1.0
4287,6.0,5.0,6.0,0.0
4288,6.0,6.0,6.0,0.0
4289,7.0,6.0,6.0,1.0
4290,6.0,6.0,6.0,1.0
4291,7.0,6.0,7.0,0.0
4292,7.0,6.0,6.0,1.0
4293,7.0,6.0,6.0,1.0
4294,7.0,6.0,6.0,1.0
4295,7.0,7.0,7.0,0.0
4296,7.0,6.0,6.0,1.0
4297,6.0,6.0,6.0,0.0
4298,7.0,6.0,6.0,1.0
4299,6.0,6.0,6.0,0.0
4300,6.0,6.0,5.0,1.0
4301,7.0,6.0,6.0,1.0
4302,7.0,6.0,7.0,1.0
4303,6.0,7.0,6.0,1.0
4304,6.0,5.0,5.0,1.0
4305,6.0,5.0,5.0,0.0
4306,7.0,6.0,6.0,1.0
4307,7.0,6.0,6.0,1.0
4308,7.0,6.0,6.0,0.0
4309,7.0,6.0,6.0,0.0
4310,,,,
4311,6.0,6.0,6.0,1.0
4312,7.0,7.0,6.0,1.0
4313,6.0,6.0,6.0,0.0
4314,6.0,6.0,6.0,0.0
4315,6.0,6.0,6.0,0.0
4316,5.0,5.0,6.0,0.0
4317,5.0,5.0,5.0,0.0
4318,7.0,7.0,6.0,1.0
4319,6.0,5.0,5.0,1.0
4320,7.0,6.0,6.0,0.0
4321,7.0,7.0,6.0,0.0
4322,6.0,6.0,6.0,1.0
4323,6.0,6.0,6.0,1.0
4324,,,,
4325,6.0,6.0,6.0,1.0
4326,6.0,6.0,6.0,1.0
4327,7.0,7.0,7.0,1.0
4328,7.0,7.0,7.0,1.0
4329,6.0,6.0,6.0,1.0
4330,6.0,6.0,6.0,1.0
4331,6.0,6.0,6.0,1.0
4332,7.0,6.0,6.0,1.0
4333,7.0,7.0,6.0,0.0
4334,6.0,5.0,5.0,0.0
4335,7.0,6.0,7.0,0.0
4336,6.0,6.0,6.0,1.0
4337,6.0,5.0,6.0,0.0
4338,7.0,6.0,6.0,1.0
4339,7.0,7.0,6.0,1.0
4340,6.0,5.0,5.0,1.0
4341,6.0,6.0,6.0,0.0
4342,,,,
4343,5.0,6.0,5.0,0.0
4344,7.0,6.0,6.0,1.0
4345,7.0,6.0,7.0,1.0
4346,6.0,5.0,5.0,0.0
4347,7.0,6.0,6.0,1.0
4348,6.0,5.0,5.0,1.0
4349,7.0,6.0,6.0,0.0
4350,7.0,6.0,6.0,0.0
4351,6.0,5.0,5.0,1.0
4352,,,,
4353,5.0,5.0,5.0,1.0
4354,,,,
4355,7.0,6.0,7.0,0.0
4356,6.0,6.0,6.0,1.0
4357,6.0,6.0,6.0,1.0
4358,6.0,6.0,7.0,1.0
4359,7.0,6.0,7.0,0.0
4360,7.0,6.0,6.0,1.0
4361,,,,
4362,5.0,5.0,5.0,1.0
4363,7.0,6.0,6.0,0.0
4364,7.0,6.0,6.0,1.0
4365,6.0,6.0,7.0,1.0
4366,6.0,6.0,6.0,0.0
4367,7.0,6.0,6.0,0.0
4368,6.0,6.0,6.0,1.0
4369,7.0,7.0,6.0,0.0
4370,7.0,6.0,6.0,0.0
4371,5.0,5.0,5.0,0.0
4372,,,,
4373,6.0,7.0,7.0,1.0
4374,5.0,5.0,5.0,0.0
4375,5.0,5.0,5.0,0.0
4376,7.0,6.0,6.0,1.0
4377,7.0,7.0,7.0,0.0
4378,7.0,6.0,6.0,0.0
4379,7.0,6.0,6.0,1.0
4380,7.0,6.0,6.0,1.0
4381,7.0,6.0,6.0,0.0
4382,7.0,7.0,7.0,1.0
4383,5.0,5.0,5.0,1.0
4384,5.0,5.0,5.0,1.0
4385,5.0,6.0,6.0,0.0
4386,5.0,5.0,6.0,1.0
4387,6.0,6.0,5.0,1.0
4388,6.0,5.0,6.0,0.0
4389,7.0,6.0,6.0,1.0
4390,6.0,7.0,6.0,1.0
4391,7.0,6.0,7.0,0.0
4392,7.0,6.0,7.0,1.0
4393,5.0,5.0,6.0,1.0
4394,5.0,5.0,5.0,1.0
4395,6.0,6.0,6.0,0.0
4396,6.0,6.0,6.0,1.0
4397,6.0,6.0,6.0,1.0
4398,6.0,6.0,6.0,0.0
4399,7.0,7.0,7.0,0.0
4400,6.0,6.0,6.0,1.0
4401,7.0,6.0,6.0,0.0
4402,6.0,5.0,5.0,0.0
4403,,,,
4404,6.0,6.0,6.0,0.0
4405,6.0,5.0,6.0,1.0
4406,7.0,7.0,7.0,0.0
4407,7.0,6.0,6.0,1.0
4408,6.0,6.0,6.0,1.0
4409,6.0,6.0,6.0,0.0
4410,7.0,7.0,6.0,1.0
4411,6.0,6.0,6.0,0.0
4412,6.0,6.0,6.0,1.0
4413,7.0,6.0,6.0,1.0
4414,7.0,7.0,6.0,0.0
4415,7.0,7.0,6.0,1.0
4416,7.0,7.0,7.0,1.0
4417,7.0,6.0,6.0,1.0
4418,7.0,7.0,7.0,1.0
4419,6.0,6.0,6.0,1.0
4420,,,,
4421,7.0,6.0,7.0,0.0
4422,,,,
4423,6.0,7.0,6.0,1.0
4424,,,,
4425,7.0,6.0,7.0,1.0
4426,7.0,7.0,7.0,0.0
4427,,,,
4428,6.0,6.0,5.0,1.0
4429,7.0,7.0,6.0,1.0
4430,7.0,6.0,7.0,1.0
4431,5.0,6.0,6.0,1.0
4432,6.0,6.0,7.0,1.0
4433,6.0,5.0,5.0,1.0
4434,,,,
4435,6.0,6.0,6.0,0.0
4436,7.0,6.0,7.0,1.0
4437,,,,
4438,6.0,6.0,6.0,1.0
4439,7.0,6.0,6.0,1.0
4440,6.0,6.0,5.0,1.0
4441,6.0,7.0,6.0,1.0
4442,7.0,6.0,6.0,0.0
4443,7.0,7.0,7.0,1.0
4444,7.0,6.0,6.0,1.0
4445,7.0,6.0,6.0,0.0
4446,7.0,6.0,6.0,1.0
4447,,,,
4448,,,,
4449,7.0,6.0,7.0,1.0
4450,7.0,6.0,6.0,1.0
4451,7.0,7.0,6.0,0.0
4452,7.0,6.0,6.0,0.0
4453,6.0,6.0,6.0,1.0
4454,7.0,6.0,6.0,1.0
4455,7.0,6.0,6.0,0.0
4456,6.0,5.0,5.0,0.0
4457,6.0,5.0,5.0,1.0
4458,5.0,5.0,6.0,0.0
4459,7.0,6.0,6.0,1.0
4460,6.0,6.0,5.0,1.0
4461,6.0,6.0,5.0,0.0
4462,6.0,6.0,6.0,1.0
4463,7.0,6.0,7.0,1.0
4464,6.0,5.0,5.0,1.0
4465,7.0,6.0,6.0,1.0
4466,7.0,6.0,6.0,0.0
4467,7.0,6.0,6.0,0.0
4468,6.0,6.0,6.0,0.0
4469,,,,
4470,7.0,7.0,7.0,1.0
4471,5.0,5.0,6.0,1.0
4472,6.0,6.0,6.0,1.0
4473,7.0,7.0,6.0,0.0
4474,5.0,6.0,6.0,1.0
4475,7.0,6.0,6.0,1.0
4476,,,,
4477,7.0,6.0,7.0,0.0
4478,7.0,6.0,6.0,1.0
4479,6.0,6.0,6.0,1.0
4480,6.0,6.0,6.0,1.0
4481,7.0,6.0,6.0,0.0
4482,7.0,6.0,6.0,1.0
4483,7.0,6.0,6.0,1.0
4484,5.0,5.0,5.0,1.0
4485,6.0,6.0,6.0,1.0
4486,7.0,6.0,7.0,0.0
4487,,,,
4488,7.0,6.0,6.0,1.0
4489,,,,
4490,7.0,6.0,6.0,1.0
4491,7.0,7.0,7.0,1.0
4492,7.0,6.0,6.0,1.0
4493,6.0,6.0,5.0,1.0
4494,7.0,6.0,6.0,1.0
4495,7.0,6.0,7.0,1.0
4496,6.0,6.0,6.0,1.0
4497,,,,
4498,6.0,6.0,6.0,1.0
4499,6.0,6.0,6.0,1.0
4500,,,,
4501,7.0,6.0,6.0,1.0
4502,6.0,6.0,6.0,1.0
4503,5.0,5.0,5.0,1.0
4504,6.0,6.0,6.0,0.0
4505,,,,
4506,6.0,5.0,5.0,1.0
4507,6.0,5.0,6.0,0.0
4508,5.0,6.0,6.0,0.0
4509,6.0,6.0,5.0,1.0
4510,7.0,7.0,6.0,1.0
4511,6.0,5.0,5.0,1.0
4512,7.0,7.0,6.0,1.0
4513,6.0,6.0,6.0,1.0
4514,7.0,6.0,7.0,1.0
4515,7.0,6.0,7.0,1.0
4516,6.0,5.0,5.0,0.0
4517,7.0,7.0,6.0,1.0
4518,7.0,6.0,7.0,1.0
4519,7.0,6.0,6.0,0.0
4520,7.0,6.0,6.0,1.0
4521,6.0,6.0,6.0,1.0
4522,6.0,6.0,6.0,0.0
4523,7.0,7.0,6.0,1.0
4524,7.0,7.0,6.0,1.0
4525,7.0,6.0,6.0,1.0
4526,7.0,6.0,7.0,1.0
4527,7.0,7.0,7.0,0.0
4528,6.0,6.0,7.0,1.0
4529,7.0,7.0,6.0,0.0
4530,6.0,6.0,6.0,0.0
4531,,,,
4532,7.0,6.0,7.0,0.0
4533,7.0,6.0,6.0,1.0
4534,7.0,7.0,7.0,1.0
4535,6.0,5.0,6.0,1.0
4536,7.0,6.0,6.0,0.0
4537,6.0,6.0,6.0,1.0
4538,7.0,6.0,6.0,1.0
4539,7.0,7.0,7.0,0.0
4540,7.0,6.0,6.0,1.0
4541,6.0,6.0,5.0,1.0
4542,7.0,7.0,7.0,0.0
4543,,,,
4544,6.0,5.0,5.0,0.0
4545,6.0,6.0,6.0,1.0
4546,7.0,6.0,6.0,0.0
4547,6.0,6.0,6.0,1.0
4548,,,,
4549,7.0,6.0,6.0,1.0
4550,6.0,6.0,6.0,0.0
4551,7.0,7.0,6.0,1.0
4552,7.0,7.0,6.0,0.0
4553,6.0,5.0,5.0,1.0
4554,6.0,6.0,5.0,1.0
4555,6.0,6.0,5.0,1.0
4556,6.0,5.0,5.0,1.0
4557,6.0,6.0,6.0,0.0
4558,6.0,6.0,6.0,0.0
4559,,,,
4560,6.0,7.0,6.0,0.0
4561,5.0,6.0,5.0,0.0
4562,,,,
4563,7.0,6.0,6.0,0.0
4564,6.0,6.0,6.0,1.0
4565,7.0,6.0,6.0,0.0
4566,7.0,7.0,6.0,1.0
4567,7.0,7.0,6.0,1.0
4568,7.0,7.0,6.0,1.0
4569,6.0,6.0,6.0,0.0
4570,,,,
4571,7.0,7.0,7.0,1.0
4572,6.0,6.0,7.0,1.0
4573,6.0,6.0,6.0,1.0
4574,5.0,5.0,6.0,1.0
4575,7.0,6.0,6.0,1.0
4576,6.0,6.0,5.0,1.0
4577,6.0,6.0,6.0,0.0
4578,7.0,7.0,7.0,0.0
4579,6.0,6.0,6.0,1.0
4580,6.0,6.0,5.0,0.0
4581,7.0,6.0,7.0,0.0
4582,6.0,5.0,6.0,0.0
4583,7.0,7.0,6.0,1.0
4584,7.0,6.0,7.0,0.0
4585,,,,
4586,6.0,6.0,6.0,1.0
4587,6.0,6.0,6.0,1.0
4588,6.0,6.0,5.0,1.0
4589,7.0,6.0,7.0,1.0
4590,7.0,7.0,6.0,1.0
4591,7.0,6.0,6.0,1.0
4592,7.0,7.0,6.0,0.0
4593,7.0,6.0,6.0,0.0
4594,6.0,6.0,6.0,1.0
4595,,,,
4596,,,,
4597,7.0,6.0,6.0,0.0
4598,7.0,6.0,6.0,0.0
4599,6.0,6.0,7.0,1.0
4600,6.0,6.0,5.0,1.0
4601,5.0,6.0,5.0,1.0
4602,6.0,5.0,6.0,0.0
4603,7.0,7.0,6.0,1.0
4604,,,,
4605,6.0,5.0,5.0,1.0
4606,,,,
4607,6.0,6.0,6.0,1.0
4608,6.0,5.0,5.0,0.0
4609,6.0,6.0,5.0,0.0
4610,7.0,6.0,7.0,0.0
4611,7.0,6.0,6.0,0.0
4612,,,,
4613,7.0,7.0,7.0,1.0
4614,7.0,6.0,6.0,1.0
4615,7.0,6.0,6.0,1.0
4616,7.0,7.0,7.0,0.0
4617,7.0,6.0,6.0,1.0
4618,7.0,6.0,6.0,0.0
4619,7.0,6.0,7.0,0.0
4620,6.0,6.0,7.0,0.0
4621,7.0,6.0,6.0,0.0
4622,7.0,6.0,6.0,1.0
4623,6.0,5.0,5.0,1.0
4624,6.0,6.0,6.0,0.0
4625,7.0,7.0,6.0,1.0
4626,7.0,6.0,7.0,0.0
4627,6.0,6.0,6.0,1.0
4628,7.0,6.0,7.0,1.0
4629,6.0,6.0,6.0,0.0
4630,6.0,5.0,5.0,1.0
4631,7.0,6.0,6.0,1.0
4632,7.0,7.0,6.0,0.0
4633,,,,
4634,7.0,6.0,6.0,1.0
4635,6.0,5.0,5.0,1.0
4636,6.0,6.0,6.0,1.0
4637,7.0,7.0,6.0,0.0
4638,,,,
4639,7.0,7.0,6.0,1.0
4640,6.0,6.0,6.0,1.0
4641,7.0,6.0,7.0,0.0
4642,5.0,5.0,6.0,1.0
4643,7.0,6.0,6.0,0.0
4644,6.0,5.0,5.0,0.0
4645,6.0,6.0,6.0,1.0
4646,7.0,7.0,6.0,1.0
4647,7.0,6.0,6.0,1.0
4648,7.0,6.0,6.0,1.0
4649,7.0,6.0,6.0,1.0
4650,7.0,7.0,6.0,1.0
4651,7.0,6.0,7.0,1.0
4652,6.0,6.0,5.0,0.0
4653,6.0,5.0,5.0,1.0
4654,7.0,6.0,6.0,1.0
4655,7.0,6.0,6.0,1.0
4656,5.0,5.0,5.0,1.0
4657,5.0,5.0,5.0,0.0
4658,7.0,7.0,7.0,1.0
4659,7.0,6.0,7.0,0.0
4660,6.0,6.0,6.0,1.0
4661,7.0,7.0,6.0,1.0
4662,6.0,5.0,5.0,1.0
4663,7.0,7.0,7.0,1.0
4664,6.0,6.0,6.0,0.0
4665,7.0,6.0,7.0,1.0
4666,7.0,7.0,6.0,0.0
4667,6.0,6.0,5.0,0.0
4668,,,,
4669,7.0,7.0,6.0,1.0
4670,6.0,6.0,6.0,1.0
4671,6.0,7.0,6.0,0.0
4672,7.0,7.0,6.0,0.0
4673,7.0,6.0,6.0,0.0
4674,7.0,6.0,7.0,1.0
4675,,,,
4676,6.0,6.0,6.0,0.0
4677,,,,
4678,7.0,6.0,6.0,1.0
4679,7.0,7.0,6.0,1.0
4680,5.0,5.0,5.0,0.0
4681,7.0,6.0,7.0,1.0
4682,6.0,6.0,7.0,1.0
4683,6.0,6.0,6.0,0.0
4684,7.0,6.0,6.0,1.0
4685,7.0,6.0,7.0,0.0
4686,7.0,6.0,6.0,1.0
4687,6.0,7.0,6.0,1.0
4688,7.0,6.0,6.0,1.0
4689,6.0,5.0,5.0,1.0
4690,,,,
4691,6.0,6.0,5.0,1.0
4692,7.0,6.0,6.0,0.0
4693,6.0,6.0,6.0,0.0
4694,7.0,6.0,6.0,1.0
4695,6.0,6.0,6.0,1.0
4696,6.0,6.0,6.0,1.0
4697,7.0,7.0,6.0,0.0
4698,7.0,7.0,6.0,1.0
4699,7.0,6.0,6.0,0.0
4700,6.0,6.0,5.0,1.0
4701,6.0,6.0,5.0,1.0
4702,7.0,7.0,7.0,1.0
4703,6.0,6.0,6.0,1.0
4704,7.0,6.0,7.0,1.0
4705,7.0,7.0,6.0,1.0
4706,6.0,5.0,5.0,1.0
4707,,,,
4708,6.0,6.0,7.0,1.0
4709,6.0,5.0,5.0,1.0
4710,7.0,7.0,7.0,1.0
4711,7.0,7.0,6.0,0.0
4712,7.0,6.0,6.0,1.0
4713,7.0,6.0,6.0,1.0
4714,6.0,6.0,6.0,1.0
4715,7.0,7.0,6.0,1.0
4716,7.0,6.0,6.0,1.0
4717,6.0,6.0,6.0,0.0
4718,6.0,6.0,5.0,0.0
4719,6.0,5.0,5.0,0.0
4720,6.0,6.0,6.0,1.0
4721,6.0,5.0,5.0,0.0
4722,6.0,6.0,6.0,0.0
4723,6.0,6.0,6.0,1.0
4724,7.0,6.0,6.0,1.0
4725,7.0,7.0,7.0,1.0
4726,7.0,6.0,7.0,1.0
4727,5.0,5.0,5.0,1.0
4728,6.0,6.0,6.0,1.0
4729,6.0,6.0,5.0,1.0
4730,7.0,7.0,6.0,1.0
4731,,,,
4732,7.0,7.0,7.0,0.0
4733,7.0,6.0,6.0,1.0
4734,7.0,6.0,6.0,1.0
4735,7.0,7.0,6.0,1.0
4736,7.0,6.0,6.0,1.0
4737,6.0,6.0,5.0,1.0
4738,7.0,6.0,6.0,1.0
4739,7.0,6.0,6.0,1.0
4740,7.0,6.0,6.0,1.0
4741,7.0,7.0,6.0,1.0
4742,6.0,6.0,6.0,0.0
4743,6.0,6.0,6.0,0.0
4744,7.0,6.0,6.0,1.0
4745,7.0,6.0,6.0,1.0
4746,7.0,7.0,7.0,1.0
4747,6.0,6.0,7.0,1.0
4748,6.0,6.0,5.0,0.0
4749,7.0,7.0,6.0,1.0
4750,7.0,7.0,7.0,1.0
4751,6.0,5.0,5.0,1.0
4752,7.0,6.0,6.0,1.0
4753,7.0,6.0,6.0,1.0
4754,,,,
4755,6.0,7.0,7.0,1.0
4756,6.0,6.0,6.0,1.0
4757,6.0,5.0,6.0,1.0
4758,7.0,6.0,7.0,1.0
4759,7.0,6.0,7.0,1.0
4760,,,,
4761,7.0,7.0,7.0,1.0
4762,,,,
4763,7.0,7.0,7.0,1.0
4764,5.0,6.0,5.0,0.0
4765,7.0,7.0,6.0,1.0
4766,7.0,7.0,6.0,0.0
4767,6.0,6.0,7.0,1.0
4768,6.0,5.0,5.0,1.0
4769,7.0,6.0,7.0,1.0
4770,7.0,7.0,7.0,1.0
4771,7.0,7.0,6.0,0.0
4772,,,,
4773,5.0,6.0,5.0,0.0
4774,7.0,7.0,7.0,0.0
4775,7.0,6.0,7.0,1.0
4776,7.0,6.0,7.0,1.0
4777,6.0,7.0,6.0,0.0
4778,6.0,6.0,6.0,1.0
4779,6.0,6.0,6.0,1.0
4780,7.0,6.0,6.0,0.0
4781,7.0,7.0,7.0,1.0
4782,6.0,6.0,5.0,1.0
4783,5.0,5.0,6.0,1.0
4784,5.0,5.0,5.0,0.0
4785,7.0,6.0,6.0,1.0
4786,7.0,6.0,6.0,1.0
4787,7.0,7.0,6.0,1.0
4788,7.0,6.0,6.0,0.0
4789,7.0,6.0,6.0,1.0
4790,6.0,6.0,6.0,1.0
4791,7.0,7.0,7.0,0.0
4792,7.0,6.0,7.0,0.0
4793,6.0,6.0,6.0,0.0
4794,7.0,6.0,6.0,1.0
4795,6.0,6.0,7.0,1.0
4796,6.0,6.0,6.0,1.0
4797,7.0,7.0,6.0,0.0
4798,5.0,6.0,5.0,1.0
4799,5.0,6.0,5.0,1.0
4800,7.0,6.0,6.0,1.0
4801,7.0,6.0,7.0,1.0
4802,6.0,6.0,6.0,0.0
4803,6.0,6.0,6.0,1.0
4804,7.0,7.0,6.0,0.0
4805,7.0,6.0,6.0,1.0
4806,6.0,5.0,6.0,0.0
4807,7.0,7.0,6.0,1.0
4808,7.0,6.0,6.0,1.0
4809,7.0,6.0,7.0,0.0
4810,7.0,6.0,6.0,1.0
4811,7.0,7.0,6.0,1.0
4812,7.0,7.0,7.0,1.0
4813,7.0,6.0,7.0,0.0
4814,6.0,5.0,6.0,1.0
4815,7.0,6.0,6.0,1.0
4816,7.0,7.0,6.0,1.0
4817,6.0,6.0,6.0,1.0
4818,7.0,6.0,6.0,1.0
4819,,,,
4820,7.0,6.0,6.0,1.0
4821,7.0,7.0,6.0,1.0
4822,7.0,7.0,7.0,0.0
4823,7.0,6.0,6.0,1.0
4824,6.0,6.0,6.0,1.0
4825,6.0,6.0,6.0,0.0
4826,6.0,6.0,6.0,1.0
4827,7.0,7.0,6.0,0.0
4828,5.0,5.0,5.0,1.0
4829,,,,
4830,7.0,7.0,7.0,1.0
4831,7.0,7.0,7.0,1.0
4832,7.0,6.0,6.0,1.0
4833,6.0,6.0,6.0,1.0
4834,6.0,7.0,7.0,0.0
4835,,,,
4836,7.0,6.0,6.0,0.0
4837,,,,
4838,6.0,5.0,6.0,0.0
4839,6.0,6.0,5.0,1.0
4840,6.0,7.0,6.0,1.0
4841,6.0,6.0,6.0,1.0
4842,,,,
4843,7.0,6.0,7.0,0.0
4844,6.0,5.0,5.0,1.0
4845,7.0,6.0,6.0,1.0
4846,6.0,6.0,6.0,0.0
4847,7.0,7.0,6.0,0.0
4848,6.0,6.0,6.0,0.0
4849,6.0,6.0,6.0,1.0
4850,7.0,6.0,6.0,1.0
4851,6.0,6.0,5.0,1.0
4852,5.0,6.0,6.0,1.0
4853,7.0,6.0,7.0,1.0
4854,6.0,6.0,6.0,1.0
4855,7.0,7.0,7.0,1.0
4856,7.0,7.0,6.0,1.0
4857,6.0,6.0,6.0,0.0
4858,6.0,5.0,6.0,0.0
4859,7.0,6.0,7.0,0.0
4860,6.0,6.0,6.0,0.0
4861,7.0,6.0,6.0,1.0
4862,,,,
4863,6.0,7.0,6.0,0.0
4864,7.0,7.0,6.0,1.0
4865,6.0,6.0,6.0,0.0
4866,6.0,7.0,6.0,1.0
4867,7.0,7.0,7.0,0.0
4868,6.0,6.0,6.0,1.0
4869,6.0,6.0,6.0,0.0
4870,5.0,5.0,6.0,0.0
4871,7.0,6.0,6.0,0.0
4872,,,,
4873,6.0,6.0,6.0,0.0
4874,6.0,6.0,6.0,1.0
4875,6.0,6.0,5.0,1.0
4876,7.0,6.0,6.0,1.0
4877,7.0,6.0,7.0,1.0
4878,7.0,7.0,7.0,1.0
4879,6.0,5.0,5.0,1.0
4880,6.0,7.0,6.0,1.0
4881,7.0,6.0,7.0,1.0
4882,6.0,6.0,6.0,1.0
4883,7.0,6.0,6.0,1.0
4884,6.0,6.0,6.0,1.0
4885,7.0,6.0,6.0,1.0
4886,6.0,5.0,5.0,1.0
4887,6.0,6.0,6.0,1.0
4888,6.0,6.0,5.0,0.0
4889,6.0,6.0,6.0,0.0
4890,7.0,7.0,6.0,1.0
4891,7.0,6.0,6.0,1.0
4892,7.0,7.0,6.0,0.0
4893,6.0,6.0,6.0,0.0
4894,6.0,6.0,6.0,1.0
4895,7.0,6.0,6.0,1.0
4896,7.0,6.0,6.0,0.0
4897,7.0,7.0,6.0,0.0
4898,6.0,6.0,6.0,0.0
4899,7.0,7.0,6.0,0.0
4900,5.0,6.0,5.0,0.0
4901,7.0,7.0,7.0,1.0
4902,6.0,6.0,6.0,1.0
4903,,,,
4904,7.0,7.0,6.0,1.0
4905,6.0,5.0,5.0,1.0
4906,7.0,6.0,6.0,0.0
4907,,,,
4908,7.0,6.0,7.0,0.0
4909,5.0,6.0,5.0,0.0
4910,7.0,6.0,6.0,1.0
4911,6.0,7.0,6.0,0.0
4912,6.0,6.0,5.0,0.0
4913,7.0,6.0,6.0,1.0
4914,6.0,6.0,6.0,1.0
4915,7.0,7.0,7.0,1.0
4916,7.0,7.0,6.0,1.0
4917,6.0,6.0,6.0,0.0
4918,7.0,6.0,6.0,0.0
4919,7.0,7.0,6.0,0.0
4920,7.0,6.0,6.0,1.0
4921,6.0,6.0,5.0,1.0
4922,7.0,7.0,6.0,1.0
4923,7.0,6.0,6.0,0.0
4924,6.0,6.0,6.0,1.0
4925,6.0,5.0,5.0,1.0
4926,7.0,7.0,6.0,1.0
4927,6.0,6.0,6.0,1.0
4928,7.0,7.0,6.0,1.0
4929,7.0,7.0,7.0,1.0
4930,7.0,6.0,6.0,0.0
4931,7.0,7.0,6.0,1.0
4932,6.0,6.0,7.0,1.0
4933,7.0,6.0,7.0,1.0
4934,7.0,6.0,6.0,1.0
4935,7.0,7.0,7.0,0.0
4936,7.0,6.0,6.0,0.0
4937,7.0,6.0,6.0,1.0
4938,,,,
4939,6.0,6.0,6.0,1.0
4940,6.0,5.0,5.0,1.0
4941,7.0,6.0,6.0,1.0
4942,,,,
4943,6.0,5.0,5.0,0.0
4944,7.0,6.0,6.0,1.0
4945,7.0,7.0,6.0,1.0
4946,6.0,6.0,6.0,1.0
4947,7.0,7.0,7.0,0.0
4948,,,,
4949,5.0,5.0,5.0,0.0
4950,7.0,6.0,6.0,1.0
4951,5.0,5.0,5.0,0.0
4952,7.0,6.0,6.0,1.0
4953,7.0,7.0,7.0,1.0
4954,7.0,7.0,6.0,0.0
4955,6.0,6.0,6.0,1.0
4956,7.0,6.0,6.0,0.0
4957,6.0,6.0,7.0,1.0
4958,,,,
4959,7.0,7.0,6.0,0.0
4960,7.0,7.0,6.0,0.0
4961,5.0,5.0,5.0,0.0
4962,7.0,6.0,6.0,1.0
4963,6.0,6.0,5.0,0.0
4964,,,,
4965,6.0,6.0,6.0,1.0
4966,6.0,6.0,6.0,1.0
4967,7.0,6.0,6.0,0.0
4968,6.0,7.0,7.0,1.0
4969,,,,
4970,,,,
4971,6.0,6.0,5.0,1.0
4972,6.0,6.0,6.0,0.0
4973,7.0,6.0,6.0,1.0
4974,7.0,7.0,6.0,0.0
4975,7.0,7.0,7.0,1.0
4976,6.0,5.0,6.0,0.0
4977,6.0,6.0,5.0,0.0
4978,6.0,6.0,6.0,0.0
4979,7.0,6.0,6.0,1.0
4980,5.0,6.0,5.0,1.0
4981,5.0,5.0,5.0,1.0
4982,7.0,7.0,6.0,1.0
4983,5.0,6.0,5.0,1.0
4984,6.0,6.0,7.0,1.0
4985,7.0,7.0,7.0,1.0
4986,6.0,6.0,6.0,1.0
4987,6.0,6.0,6.0,1.0
4988,6.0,7.0,6.0,1.0
4989,6.0,7.0,6.0,0.0
4990,7.0,7.0,6.0,1.0
4991,6.0,7.0,6.0,1.0
4992,5.0,6.0,6.0,0.0
4993,7.0,6.0,6.0,1.0
4994,7.0,6.0,6.0,0.0
4995,5.0,5.0,5.0,1.0
4996,,,,
4997,7.0,6.0,7.0,0.0
4998,6.0,7.0,7.0,1.0
4999,6.0,6.0,6.0,1.0
